image_id,label
img_004542,cell_E
img_001339,cell_C
img_002390,cell_C
img_011301,cell_F
img_012957,cell_B
img_006284,cell_D
img_006898,cell_B
img_001623,cell_H
img_009232,cell_C
img_011201,cell_F
img_011127,cell_C
img_016074,cell_B
img_006954,cell_B
img_013621,cell_A
img_011565,cell_G
img_007564,cell_C
img_004153,cell_C
img_003162,cell_A
img_005719,cell_B
img_002780,cell_B
img_007397,cell_F
img_007413,cell_A
img_009669,cell_H
img_006804,cell_G
img_008444,cell_D
img_001411,cell_H
img_014147,cell_D
img_003646,cell_G
img_011156,cell_A
img_003317,cell_A
img_006562,cell_C
img_009027,cell_G
img_005256,cell_A
img_001637,cell_B
img_007568,cell_C
img_011572,cell_D
img_007703,cell_F
img_012175,cell_E
img_007782,cell_D
img_012775,cell_F
img_001904,cell_A
img_013473,cell_C
img_015692,cell_D
img_005030,cell_A
img_013178,cell_G
img_016163,cell_E
img_004586,cell_A
img_017081,cell_E
img_004582,cell_A
img_009421,cell_G
img_010465,cell_C
img_000953,cell_C
img_005787,cell_G
img_001057,cell_F
img_012050,cell_E
img_001295,cell_B
img_000835,cell_F
img_008175,cell_F
img_001397,cell_D
img_009906,cell_D
img_001651,cell_A
img_003458,cell_B
img_000580,cell_D
img_001708,cell_A
img_000992,cell_F
img_004633,cell_A
img_012675,cell_B
img_004265,cell_G
img_004197,cell_D
img_009087,cell_A
img_005536,cell_F
img_005540,cell_C
img_004179,cell_E
img_001643,cell_B
img_013641,cell_G
img_007990,cell_E
img_002379,cell_D
img_009242,cell_C
img_005679,cell_B
img_002251,cell_B
img_005854,cell_B
img_007736,cell_C
img_013940,cell_F
img_008032,cell_A
img_011293,cell_C
img_012889,cell_H
img_009431,cell_C
img_016253,cell_F
img_002518,cell_A
img_014823,cell_H
img_008873,cell_E
img_001927,cell_D
img_000072,cell_C
img_010147,cell_E
img_015568,cell_A
img_007774,cell_G
img_007477,cell_H
img_001486,cell_E
img_005585,cell_F
img_002584,cell_C
img_011608,cell_B
img_016893,cell_A
img_005185,cell_B
img_009857,cell_C
img_014487,cell_G
img_001290,cell_H
img_016912,cell_A
img_014998,cell_C
img_004324,cell_F
img_015636,cell_B
img_010974,cell_F
img_012456,cell_C
img_012727,cell_B
img_013792,cell_C
img_007110,cell_C
img_000931,cell_G
img_001614,cell_F
img_008520,cell_D
img_001470,cell_E
img_005248,cell_G
img_009230,cell_D
img_014973,cell_F
img_000428,cell_H
img_014874,cell_A
img_016492,cell_B
img_011674,cell_A
img_017074,cell_D
img_015154,cell_B
img_008489,cell_H
img_015822,cell_F
img_000354,cell_B
img_005593,cell_B
img_004479,cell_F
img_016207,cell_F
img_010624,cell_G
img_001355,cell_A
img_011987,cell_E
img_000288,cell_B
img_012606,cell_F
img_002472,cell_F
img_012382,cell_C
img_013350,cell_A
img_015201,cell_F
img_003956,cell_E
img_001311,cell_B
img_006890,cell_B
img_012539,cell_H
img_004490,cell_B
img_011908,cell_C
img_000895,cell_G
img_002340,cell_G
img_001394,cell_F
img_009800,cell_E
img_006814,cell_E
img_005799,cell_A
img_009401,cell_C
img_010946,cell_A
img_010048,cell_E
img_001414,cell_H
img_015939,cell_B
img_006924,cell_B
img_015651,cell_C
img_000805,cell_H
img_003651,cell_C
img_010959,cell_B
img_000971,cell_B
img_004528,cell_H
img_011819,cell_G
img_001839,cell_C
img_000290,cell_E
img_008411,cell_C
img_016631,cell_A
img_006785,cell_E
img_009244,cell_C
img_015508,cell_A
img_000673,cell_B
img_006919,cell_H
img_008513,cell_F
img_003326,cell_C
img_012925,cell_A
img_012672,cell_F
img_005961,cell_F
img_007429,cell_B
img_002714,cell_E
img_013808,cell_B
img_012644,cell_C
img_005876,cell_C
img_007306,cell_G
img_011894,cell_A
img_012574,cell_F
img_002098,cell_B
img_011498,cell_C
img_014579,cell_B
img_007050,cell_B
img_015466,cell_C
img_002590,cell_C
img_006172,cell_C
img_007341,cell_H
img_010690,cell_G
img_000265,cell_B
img_016568,cell_F
img_013222,cell_B
img_014234,cell_B
img_007304,cell_H
img_015539,cell_H
img_012698,cell_E
img_014759,cell_B
img_002986,cell_B
img_015955,cell_F
img_011399,cell_F
img_014542,cell_C
img_008266,cell_C
img_014116,cell_H
img_002877,cell_G
img_010240,cell_F
img_003958,cell_C
img_000687,cell_F
img_012388,cell_F
img_008173,cell_C
img_013032,cell_C
img_006843,cell_D
img_014334,cell_A
img_015013,cell_B
img_010718,cell_C
img_001294,cell_A
img_004817,cell_F
img_014098,cell_F
img_013322,cell_C
img_015255,cell_G
img_008721,cell_B
img_004331,cell_E
img_000287,cell_B
img_004105,cell_E
img_008339,cell_F
img_012881,cell_C
img_009342,cell_E
img_000882,cell_A
img_009353,cell_E
img_006327,cell_H
img_007697,cell_B
img_013061,cell_A
img_003994,cell_C
img_000803,cell_C
img_003757,cell_F
img_006013,cell_B
img_003104,cell_C
img_002350,cell_A
img_003817,cell_C
img_007094,cell_F
img_010231,cell_E
img_002849,cell_F
img_010151,cell_A
img_006202,cell_C
img_015647,cell_B
img_007875,cell_H
img_003169,cell_D
img_013648,cell_B
img_014526,cell_C
img_003947,cell_C
img_015532,cell_E
img_004360,cell_E
img_012336,cell_C
img_013414,cell_F
img_005522,cell_H
img_000965,cell_B
img_003346,cell_F
img_011190,cell_H
img_002163,cell_B
img_008504,cell_C
img_001154,cell_C
img_009788,cell_F
img_013980,cell_B
img_013431,cell_B
img_002568,cell_G
img_016888,cell_H
img_000389,cell_A
img_010028,cell_F
img_004049,cell_C
img_005033,cell_B
img_015833,cell_E
img_014015,cell_A
img_014428,cell_E
img_005702,cell_C
img_002614,cell_B
img_004641,cell_D
img_011720,cell_A
img_011131,cell_A
img_001152,cell_B
img_003712,cell_B
img_016137,cell_C
img_003127,cell_F
img_008867,cell_E
img_015171,cell_E
img_015807,cell_B
img_005353,cell_G
img_005005,cell_A
img_011628,cell_A
img_003867,cell_D
img_000208,cell_C
img_004930,cell_C
img_004742,cell_H
img_000609,cell_D
img_012684,cell_B
img_003982,cell_E
img_012725,cell_G
img_005370,cell_C
img_007071,cell_C
img_012658,cell_C
img_014441,cell_B
img_008548,cell_G
img_015966,cell_B
img_013865,cell_C
img_006848,cell_G
img_003161,cell_C
img_011912,cell_G
img_013988,cell_D
img_000499,cell_F
img_000706,cell_C
img_000174,cell_C
img_014814,cell_F
img_009170,cell_B
img_005699,cell_B
img_007039,cell_F
img_004368,cell_B
img_012966,cell_E
img_009121,cell_C
img_009874,cell_F
img_007171,cell_E
img_012655,cell_G
img_005604,cell_B
img_004109,cell_D
img_003593,cell_B
img_001776,cell_A
img_000988,cell_F
img_006542,cell_H
img_003134,cell_B
img_013268,cell_C
img_001158,cell_C
img_007928,cell_C
img_004947,cell_C
img_008083,cell_E
img_002640,cell_F
img_008379,cell_C
img_006039,cell_G
img_016766,cell_G
img_001656,cell_C
img_011839,cell_A
img_010372,cell_B
img_000220,cell_G
img_008591,cell_C
img_015044,cell_B
img_015860,cell_D
img_000944,cell_C
img_016819,cell_H
img_014321,cell_E
img_014498,cell_C
img_010834,cell_F
img_013490,cell_B
img_016737,cell_F
img_013362,cell_G
img_002170,cell_E
img_009581,cell_H
img_013070,cell_B
img_013725,cell_B
img_009752,cell_B
img_014560,cell_C
img_000403,cell_G
img_013944,cell_F
img_003689,cell_A
img_006357,cell_H
img_005629,cell_F
img_008240,cell_F
img_000743,cell_F
img_017079,cell_B
img_008886,cell_H
img_015321,cell_G
img_003518,cell_E
img_009304,cell_B
img_007918,cell_B
img_011709,cell_F
img_011941,cell_C
img_013207,cell_G
img_009736,cell_F
img_015913,cell_B
img_013564,cell_B
img_001306,cell_B
img_002461,cell_E
img_001247,cell_F
img_014774,cell_A
img_012076,cell_C
img_009043,cell_B
img_014111,cell_G
img_007030,cell_H
img_016610,cell_D
img_008350,cell_F
img_012340,cell_C
img_002760,cell_H
img_000300,cell_H
img_001807,cell_E
img_008582,cell_G
img_007827,cell_D
img_009362,cell_D
img_010197,cell_G
img_008625,cell_E
img_004183,cell_G
img_006108,cell_C
img_013008,cell_F
img_012055,cell_G
img_002143,cell_G
img_009621,cell_G
img_001499,cell_H
img_010556,cell_F
img_014219,cell_D
img_016650,cell_C
img_009668,cell_C
img_015641,cell_A
img_013225,cell_A
img_003762,cell_B
img_004529,cell_A
img_005385,cell_D
img_007287,cell_B
img_015358,cell_F
img_011438,cell_C
img_008291,cell_F
img_003498,cell_F
img_005502,cell_H
img_001549,cell_C
img_012517,cell_A
img_012615,cell_B
img_003243,cell_F
img_004564,cell_A
img_015178,cell_D
img_013715,cell_A
img_011983,cell_F
img_015148,cell_F
img_000912,cell_A
img_014327,cell_D
img_017001,cell_B
img_012481,cell_D
img_014223,cell_C
img_011250,cell_C
img_012993,cell_G
img_005404,cell_B
img_007734,cell_C
img_005270,cell_C
img_010736,cell_E
img_007937,cell_B
img_006488,cell_F
img_005639,cell_F
img_011140,cell_H
img_011157,cell_H
img_009769,cell_C
img_001195,cell_B
img_012001,cell_F
img_014794,cell_C
img_005484,cell_C
img_004778,cell_B
img_013898,cell_C
img_008729,cell_D
img_009993,cell_E
img_008343,cell_G
img_005165,cell_C
img_013429,cell_F
img_006383,cell_H
img_006524,cell_C
img_013449,cell_D
img_000059,cell_B
img_004299,cell_E
img_012598,cell_D
img_005602,cell_F
img_002456,cell_F
img_012607,cell_D
img_001127,cell_E
img_016967,cell_C
img_014224,cell_C
img_012203,cell_D
img_011133,cell_C
img_016731,cell_F
img_015249,cell_C
img_000448,cell_B
img_008132,cell_D
img_011575,cell_B
img_005469,cell_A
img_013068,cell_D
img_001285,cell_E
img_009916,cell_B
img_004062,cell_G
img_002007,cell_A
img_004580,cell_B
img_013379,cell_A
img_016026,cell_D
img_002741,cell_G
img_001504,cell_F
img_000722,cell_A
img_004473,cell_G
img_009695,cell_B
img_013180,cell_D
img_016009,cell_E
img_005227,cell_C
img_014048,cell_B
img_000700,cell_F
img_010823,cell_H
img_006149,cell_C
img_011064,cell_B
img_007420,cell_C
img_009076,cell_H
img_010340,cell_G
img_015942,cell_D
img_016206,cell_E
img_008093,cell_C
img_001975,cell_F
img_008688,cell_A
img_013094,cell_E
img_014358,cell_B
img_002727,cell_G
img_012878,cell_B
img_007218,cell_H
img_003738,cell_A
img_014768,cell_A
img_000181,cell_F
img_010017,cell_B
img_015581,cell_C
img_015233,cell_H
img_001912,cell_C
img_011994,cell_C
img_002339,cell_F
img_010115,cell_B
img_003897,cell_B
img_015865,cell_H
img_016083,cell_H
img_000610,cell_B
img_015890,cell_C
img_003884,cell_F
img_012347,cell_C
img_014073,cell_C
img_003942,cell_C
img_015484,cell_D
img_008533,cell_E
img_001431,cell_F
img_002517,cell_C
img_014801,cell_F
img_014971,cell_G
img_000014,cell_C
img_000363,cell_F
img_009046,cell_C
img_013129,cell_C
img_006375,cell_A
img_008114,cell_H
img_001822,cell_F
img_005904,cell_C
img_007113,cell_A
img_002366,cell_H
img_015058,cell_F
img_009924,cell_H
img_009352,cell_F
img_015275,cell_A
img_009737,cell_F
img_005138,cell_F
img_002138,cell_H
img_012312,cell_F
img_010104,cell_C
img_007204,cell_C
img_003107,cell_H
img_014222,cell_F
img_009466,cell_C
img_009096,cell_C
img_003119,cell_C
img_009344,cell_G
img_001514,cell_G
img_016532,cell_C
img_001375,cell_G
img_009823,cell_F
img_009560,cell_B
img_007957,cell_F
img_003129,cell_D
img_007274,cell_A
img_001258,cell_F
img_001530,cell_F
img_011340,cell_A
img_015273,cell_C
img_004083,cell_B
img_015909,cell_C
img_004603,cell_B
img_006507,cell_B
img_012567,cell_H
img_013787,cell_A
img_001672,cell_E
img_001357,cell_D
img_001897,cell_C
img_003804,cell_B
img_000485,cell_G
img_000100,cell_E
img_014446,cell_C
img_007593,cell_D
img_015514,cell_D
img_005782,cell_H
img_001727,cell_A
img_006992,cell_H
img_006186,cell_E
img_009411,cell_H
img_015061,cell_E
img_001918,cell_C
img_005567,cell_C
img_004549,cell_A
img_013328,cell_G
img_001420,cell_B
img_006635,cell_B
img_005652,cell_B
img_010724,cell_A
img_002693,cell_F
img_009604,cell_C
img_014325,cell_B
img_011654,cell_B
img_008147,cell_C
img_010953,cell_H
img_007193,cell_A
img_007993,cell_B
img_007361,cell_A
img_005613,cell_A
img_008651,cell_F
img_014249,cell_H
img_004285,cell_G
img_004338,cell_E
img_016305,cell_B
img_012358,cell_F
img_008511,cell_B
img_003340,cell_B
img_003308,cell_G
img_001543,cell_F
img_000142,cell_G
img_009944,cell_H
img_014713,cell_B
img_010458,cell_A
img_009140,cell_B
img_008682,cell_A
img_011233,cell_D
img_013107,cell_E
img_012953,cell_H
img_013630,cell_F
img_003450,cell_B
img_010110,cell_B
img_013273,cell_G
img_008233,cell_A
img_009523,cell_A
img_001305,cell_C
img_000608,cell_F
img_015396,cell_A
img_014257,cell_D
img_016209,cell_C
img_006763,cell_F
img_003898,cell_B
img_015694,cell_F
img_001920,cell_B
img_001033,cell_C
img_001462,cell_C
img_010139,cell_B
img_012421,cell_B
img_005158,cell_C
img_002257,cell_B
img_009964,cell_E
img_007055,cell_E
img_003090,cell_F
img_016425,cell_H
img_001634,cell_A
img_010993,cell_B
img_006164,cell_F
img_013223,cell_C
img_008276,cell_C
img_007026,cell_F
img_005419,cell_C
img_013993,cell_D
img_008732,cell_E
img_006285,cell_A
img_013629,cell_B
img_009456,cell_B
img_005122,cell_F
img_009171,cell_D
img_016100,cell_F
img_005846,cell_G
img_005310,cell_A
img_011046,cell_B
img_002935,cell_B
img_014187,cell_C
img_012354,cell_E
img_015918,cell_C
img_003296,cell_B
img_015965,cell_A
img_012431,cell_D
img_000619,cell_C
img_005130,cell_G
img_000005,cell_B
img_003543,cell_C
img_016469,cell_B
img_002353,cell_G
img_015194,cell_G
img_000239,cell_B
img_012211,cell_D
img_009037,cell_H
img_004408,cell_B
img_013985,cell_B
img_000065,cell_H
img_005268,cell_C
img_004372,cell_D
img_002598,cell_C
img_009675,cell_H
img_007903,cell_B
img_007917,cell_D
img_002013,cell_F
img_014117,cell_E
img_010116,cell_C
img_013535,cell_B
img_000731,cell_B
img_000906,cell_G
img_016575,cell_B
img_003684,cell_B
img_000313,cell_B
img_012342,cell_B
img_000475,cell_H
img_005179,cell_G
img_009012,cell_B
img_016033,cell_C
img_006813,cell_B
img_011566,cell_A
img_010106,cell_H
img_013683,cell_B
img_010716,cell_C
img_009873,cell_D
img_005191,cell_D
img_004824,cell_A
img_009075,cell_E
img_000312,cell_C
img_012217,cell_H
img_013970,cell_H
img_004484,cell_E
img_012465,cell_C
img_001193,cell_E
img_014611,cell_E
img_009871,cell_B
img_000105,cell_D
img_012825,cell_G
img_010049,cell_C
img_011568,cell_A
img_015592,cell_B
img_014997,cell_A
img_016879,cell_D
img_000891,cell_B
img_001111,cell_D
img_008942,cell_D
img_014115,cell_C
img_000126,cell_E
img_002186,cell_B
img_006955,cell_C
img_001933,cell_C
img_005545,cell_F
img_011154,cell_G
img_000739,cell_F
img_009085,cell_A
img_014995,cell_D
img_015664,cell_A
img_012043,cell_A
img_002542,cell_A
img_004131,cell_D
img_014753,cell_F
img_006125,cell_D
img_016002,cell_D
img_012229,cell_A
img_007478,cell_A
img_010289,cell_G
img_011868,cell_D
img_007663,cell_F
img_012584,cell_F
img_016428,cell_F
img_015591,cell_D
img_013532,cell_G
img_009542,cell_B
img_008747,cell_B
img_013811,cell_A
img_010664,cell_D
img_014880,cell_E
img_013788,cell_B
img_010004,cell_A
img_015003,cell_H
img_006239,cell_F
img_012297,cell_A
img_014749,cell_C
img_004978,cell_F
img_005860,cell_D
img_004547,cell_G
img_010140,cell_H
img_002502,cell_C
img_001036,cell_C
img_013141,cell_F
img_003020,cell_H
img_012614,cell_B
img_004588,cell_C
img_016362,cell_B
img_015310,cell_G
img_012624,cell_E
img_006113,cell_F
img_005056,cell_F
img_015056,cell_F
img_016660,cell_B
img_003530,cell_F
img_001770,cell_F
img_012143,cell_E
img_012248,cell_A
img_015992,cell_A
img_011214,cell_B
img_010213,cell_B
img_015950,cell_B
img_016141,cell_A
img_007491,cell_A
img_000745,cell_H
img_012486,cell_A
img_002372,cell_F
img_006000,cell_C
img_004541,cell_B
img_004567,cell_C
img_016223,cell_E
img_010573,cell_B
img_008001,cell_A
img_013810,cell_C
img_009654,cell_A
img_008597,cell_D
img_004430,cell_C
img_001973,cell_A
img_016408,cell_A
img_004701,cell_H
img_012329,cell_H
img_015898,cell_H
img_015905,cell_C
img_014600,cell_E
img_008487,cell_C
img_001972,cell_A
img_008409,cell_A
img_006968,cell_B
img_002306,cell_C
img_006441,cell_F
img_005017,cell_E
img_015643,cell_E
img_010544,cell_H
img_017030,cell_H
img_002321,cell_G
img_006776,cell_A
img_005223,cell_D
img_011497,cell_G
img_007286,cell_F
img_002417,cell_F
img_013215,cell_B
img_010337,cell_A
img_013743,cell_A
img_005736,cell_G
img_000751,cell_F
img_016259,cell_A
img_009855,cell_C
img_003009,cell_A
img_014635,cell_A
img_015542,cell_A
img_004834,cell_F
img_009064,cell_C
img_002660,cell_D
img_012822,cell_B
img_016966,cell_F
img_000085,cell_C
img_002830,cell_A
img_016114,cell_F
img_000185,cell_D
img_005436,cell_A
img_007141,cell_A
img_006545,cell_B
img_014536,cell_B
img_001537,cell_D
img_003087,cell_A
img_009325,cell_A
img_012328,cell_B
img_015404,cell_C
img_002981,cell_C
img_014418,cell_A
img_005936,cell_C
img_006883,cell_F
img_003895,cell_C
img_007935,cell_G
img_009157,cell_C
img_009479,cell_F
img_008657,cell_E
img_007849,cell_F
img_000909,cell_B
img_015281,cell_F
img_004557,cell_B
img_013221,cell_E
img_007521,cell_F
img_006295,cell_E
img_005325,cell_E
img_004976,cell_C
img_011653,cell_A
img_011262,cell_H
img_008054,cell_C
img_014946,cell_C
img_004128,cell_B
img_000144,cell_D
img_004989,cell_D
img_007819,cell_F
img_004773,cell_H
img_012470,cell_D
img_010783,cell_C
img_006686,cell_C
img_016961,cell_G
img_002948,cell_B
img_007415,cell_C
img_001317,cell_B
img_006732,cell_A
img_014949,cell_H
img_002918,cell_B
img_000574,cell_D
img_005067,cell_B
img_005677,cell_A
img_010535,cell_B
img_008102,cell_F
img_004715,cell_E
img_015144,cell_F
img_012626,cell_A
img_008839,cell_H
img_006974,cell_D
img_011370,cell_C
img_003769,cell_C
img_002720,cell_A
img_010070,cell_B
img_005939,cell_A
img_007395,cell_F
img_012519,cell_D
img_015963,cell_G
img_013540,cell_C
img_016123,cell_D
img_003173,cell_A
img_012210,cell_G
img_005100,cell_A
img_001743,cell_F
img_010889,cell_E
img_013456,cell_D
img_006620,cell_F
img_016498,cell_G
img_012706,cell_C
img_006895,cell_G
img_015731,cell_B
img_004330,cell_E
img_011187,cell_F
img_012508,cell_D
img_006483,cell_D
img_003036,cell_A
img_009554,cell_C
img_011166,cell_H
img_002155,cell_D
img_013030,cell_E
img_001248,cell_F
img_002032,cell_B
img_007245,cell_C
img_000376,cell_F
img_009608,cell_C
img_007256,cell_H
img_006406,cell_A
img_011889,cell_B
img_005462,cell_C
img_011651,cell_C
img_016971,cell_C
img_011306,cell_B
img_014023,cell_B
img_004245,cell_G
img_014089,cell_B
img_002201,cell_C
img_004988,cell_C
img_010330,cell_F
img_005947,cell_F
img_001213,cell_H
img_005788,cell_C
img_002152,cell_B
img_014785,cell_C
img_008495,cell_C
img_002863,cell_G
img_002532,cell_D
img_008183,cell_C
img_010259,cell_A
img_015033,cell_B
img_011849,cell_E
img_015750,cell_B
img_015991,cell_B
img_014291,cell_G
img_008973,cell_A
img_014242,cell_B
img_008938,cell_C
img_014156,cell_A
img_006208,cell_G
img_002508,cell_G
img_008642,cell_C
img_006389,cell_B
img_009946,cell_H
img_015464,cell_F
img_007851,cell_H
img_005066,cell_H
img_011366,cell_G
img_014523,cell_B
img_001510,cell_D
img_015862,cell_B
img_009365,cell_A
img_005217,cell_B
img_013960,cell_H
img_012761,cell_E
img_004717,cell_E
img_001424,cell_C
img_015398,cell_D
img_007505,cell_F
img_008994,cell_A
img_012748,cell_A
img_008501,cell_H
img_008223,cell_C
img_011092,cell_F
img_012038,cell_C
img_012473,cell_F
img_010941,cell_F
img_006534,cell_D
img_011775,cell_E
img_014910,cell_G
img_009275,cell_B
img_006154,cell_E
img_004769,cell_C
img_007842,cell_A
img_009376,cell_A
img_013534,cell_A
img_007207,cell_C
img_004442,cell_E
img_010373,cell_C
img_012054,cell_E
img_005408,cell_D
img_000386,cell_H
img_008255,cell_F
img_003531,cell_A
img_007788,cell_C
img_003324,cell_B
img_010747,cell_B
img_012662,cell_C
img_011019,cell_B
img_013105,cell_F
img_006353,cell_D
img_010637,cell_F
img_001069,cell_F
img_006800,cell_F
img_006761,cell_H
img_012291,cell_D
img_004194,cell_D
img_001282,cell_F
img_006865,cell_B
img_002954,cell_A
img_003853,cell_B
img_006625,cell_C
img_010830,cell_C
img_004237,cell_B
img_008842,cell_H
img_013145,cell_A
img_007503,cell_B
img_005354,cell_G
img_009151,cell_F
img_001343,cell_C
img_012772,cell_F
img_012004,cell_F
img_007931,cell_B
img_009505,cell_D
img_007846,cell_C
img_005578,cell_A
img_015975,cell_C
img_003725,cell_C
img_000369,cell_A
img_011011,cell_F
img_001718,cell_F
img_015335,cell_C
img_005777,cell_A
img_006230,cell_B
img_010534,cell_B
img_005495,cell_B
img_011350,cell_A
img_014894,cell_B
img_009821,cell_G
img_012641,cell_F
img_012374,cell_D
img_016348,cell_F
img_011425,cell_C
img_007818,cell_H
img_012264,cell_C
img_011073,cell_D
img_008428,cell_F
img_012219,cell_C
img_016792,cell_C
img_003212,cell_F
img_006623,cell_C
img_002048,cell_F
img_006996,cell_G
img_001864,cell_A
img_016155,cell_F
img_011989,cell_F
img_010697,cell_H
img_015618,cell_A
img_008094,cell_F
img_012760,cell_A
img_007135,cell_C
img_007763,cell_A
img_015827,cell_C
img_007323,cell_C
img_011768,cell_F
img_011551,cell_H
img_000922,cell_C
img_004960,cell_A
img_016238,cell_B
img_015605,cell_C
img_001139,cell_F
img_009347,cell_F
img_006123,cell_C
img_014855,cell_C
img_006499,cell_C
img_006459,cell_C
img_001228,cell_F
img_015513,cell_H
img_001622,cell_H
img_013349,cell_H
img_006874,cell_B
img_016946,cell_D
img_008024,cell_C
img_009209,cell_B
img_000497,cell_C
img_009615,cell_B
img_008250,cell_E
img_006169,cell_C
img_000720,cell_B
img_000816,cell_F
img_002674,cell_B
img_003284,cell_C
img_016316,cell_B
img_000586,cell_E
img_011609,cell_C
img_002100,cell_E
img_007320,cell_B
img_001845,cell_B
img_013003,cell_B
img_015762,cell_F
img_002279,cell_G
img_014863,cell_D
img_015943,cell_D
img_012933,cell_C
img_016986,cell_F
img_015674,cell_D
img_017009,cell_A
img_007368,cell_E
img_003745,cell_B
img_003052,cell_B
img_000600,cell_C
img_005832,cell_A
img_014527,cell_B
img_005676,cell_A
img_012522,cell_A
img_002230,cell_F
img_001762,cell_C
img_002052,cell_E
img_001503,cell_E
img_007979,cell_B
img_012305,cell_A
img_007493,cell_B
img_003386,cell_A
img_002104,cell_G
img_013785,cell_F
img_002373,cell_F
img_008392,cell_F
img_001021,cell_E
img_006380,cell_A
img_001345,cell_C
img_015367,cell_F
img_001601,cell_E
img_003633,cell_A
img_008003,cell_C
img_016687,cell_G
img_002398,cell_C
img_014792,cell_B
img_001395,cell_B
img_000141,cell_C
img_003597,cell_A
img_010316,cell_C
img_016771,cell_B
img_002782,cell_C
img_007284,cell_C
img_013125,cell_E
img_001988,cell_F
img_011245,cell_A
img_003015,cell_F
img_015452,cell_A
img_014022,cell_D
img_014796,cell_C
img_014550,cell_D
img_006197,cell_E
img_010927,cell_F
img_016784,cell_A
img_004809,cell_A
img_003946,cell_E
img_001577,cell_B
img_008589,cell_B
img_005533,cell_C
img_008165,cell_C
img_010950,cell_E
img_001463,cell_G
img_015254,cell_F
img_015593,cell_A
img_002058,cell_C
img_016767,cell_H
img_003682,cell_B
img_014238,cell_B
img_015868,cell_E
img_003538,cell_B
img_007629,cell_B
img_008687,cell_E
img_006378,cell_A
img_009836,cell_F
img_007142,cell_C
img_006650,cell_A
img_016086,cell_F
img_011260,cell_A
img_004624,cell_C
img_007911,cell_E
img_001372,cell_F
img_008931,cell_E
img_001782,cell_F
img_016460,cell_B
img_003643,cell_C
img_008385,cell_F
img_000975,cell_E
img_009569,cell_H
img_006762,cell_C
img_001157,cell_B
img_014229,cell_E
img_012707,cell_H
img_000077,cell_E
img_016832,cell_B
img_008656,cell_A
img_008808,cell_H
img_013745,cell_C
img_002435,cell_A
img_016599,cell_D
img_003960,cell_H
img_014339,cell_B
img_011909,cell_B
img_005666,cell_A
img_004087,cell_D
img_016276,cell_H
img_009229,cell_E
img_014891,cell_E
img_004905,cell_F
img_003480,cell_C
img_016136,cell_F
img_003013,cell_B
img_015573,cell_B
img_015048,cell_H
img_014345,cell_F
img_009333,cell_A
img_010647,cell_B
img_005749,cell_F
img_015707,cell_A
img_010057,cell_H
img_014281,cell_D
img_010192,cell_C
img_015919,cell_E
img_016791,cell_C
img_015157,cell_F
img_014141,cell_F
img_009395,cell_D
img_006433,cell_G
img_006806,cell_A
img_005584,cell_C
img_014239,cell_A
img_009265,cell_D
img_006836,cell_G
img_000996,cell_F
img_016188,cell_D
img_012589,cell_H
img_000477,cell_E
img_012309,cell_H
img_004093,cell_A
img_002393,cell_C
img_016807,cell_H
img_012777,cell_F
img_011527,cell_G
img_007081,cell_D
img_000948,cell_C
img_012895,cell_B
img_006913,cell_E
img_008424,cell_E
img_002531,cell_H
img_006374,cell_H
img_010840,cell_D
img_013770,cell_G
img_010366,cell_C
img_002459,cell_F
img_015134,cell_E
img_007733,cell_H
img_002159,cell_G
img_001298,cell_B
img_008214,cell_A
img_007829,cell_G
img_000492,cell_H
img_007362,cell_B
img_014757,cell_B
img_014581,cell_D
img_016711,cell_A
img_015299,cell_H
img_010568,cell_E
img_002633,cell_F
img_016683,cell_C
img_006139,cell_C
img_001110,cell_A
img_006741,cell_C
img_002980,cell_B
img_001169,cell_C
img_007222,cell_B
img_009240,cell_F
img_011397,cell_C
img_014298,cell_A
img_000316,cell_A
img_014164,cell_C
img_004858,cell_D
img_002997,cell_G
img_000881,cell_D
img_015283,cell_H
img_008684,cell_A
img_011658,cell_C
img_002894,cell_D
img_009839,cell_B
img_010402,cell_B
img_000098,cell_G
img_002202,cell_C
img_001439,cell_B
img_007759,cell_B
img_006679,cell_C
img_007996,cell_B
img_016803,cell_F
img_000013,cell_F
img_016735,cell_C
img_003497,cell_C
img_011490,cell_B
img_007885,cell_D
img_002063,cell_H
img_000796,cell_A
img_012711,cell_H
img_000204,cell_H
img_002200,cell_G
img_000478,cell_G
img_011376,cell_C
img_015872,cell_C
img_010186,cell_F
img_010855,cell_F
img_012692,cell_B
img_016552,cell_F
img_013148,cell_F
img_013674,cell_C
img_013735,cell_C
img_009904,cell_C
img_013189,cell_E
img_003218,cell_A
img_007271,cell_F
img_002129,cell_C
img_016545,cell_A
img_016467,cell_C
img_008892,cell_D
img_004832,cell_C
img_013400,cell_G
img_004094,cell_C
img_008831,cell_C
img_014124,cell_G
img_007537,cell_F
img_008991,cell_B
img_004509,cell_F
img_002283,cell_H
img_014871,cell_F
img_001496,cell_H
img_012880,cell_D
img_003418,cell_B
img_013398,cell_D
img_016871,cell_B
img_009303,cell_B
img_001168,cell_B
img_001779,cell_C
img_002742,cell_F
img_000579,cell_F
img_004598,cell_H
img_003980,cell_C
img_001902,cell_A
img_003805,cell_E
img_011205,cell_A
img_014042,cell_B
img_005463,cell_H
img_002066,cell_D
img_000116,cell_B
img_001979,cell_D
img_015842,cell_A
img_015886,cell_D
img_014761,cell_A
img_011089,cell_B
img_011903,cell_A
img_004429,cell_B
img_011119,cell_A
img_004854,cell_C
img_008065,cell_H
img_008915,cell_E
img_015912,cell_A
img_005050,cell_B
img_001408,cell_H
img_014897,cell_E
img_009009,cell_H
img_007607,cell_G
img_010327,cell_D
img_008136,cell_C
img_013252,cell_A
img_002690,cell_B
img_013013,cell_E
img_015713,cell_C
img_009530,cell_G
img_012214,cell_B
img_013688,cell_H
img_002705,cell_H
img_004560,cell_B
img_010656,cell_F
img_008545,cell_C
img_015203,cell_C
img_014461,cell_C
img_012295,cell_D
img_001349,cell_C
img_004776,cell_H
img_003844,cell_D
img_000659,cell_F
img_005717,cell_G
img_007479,cell_B
img_004006,cell_C
img_011216,cell_H
img_002851,cell_C
img_007370,cell_B
img_003586,cell_E
img_013771,cell_F
img_015977,cell_F
img_002284,cell_A
img_005678,cell_A
img_012588,cell_C
img_015668,cell_E
img_005802,cell_F
img_003204,cell_B
img_001805,cell_B
img_000554,cell_F
img_003307,cell_H
img_005109,cell_F
img_012591,cell_F
img_012205,cell_D
img_015077,cell_C
img_009625,cell_C
img_010297,cell_H
img_006082,cell_B
img_001663,cell_C
img_007333,cell_E
img_001092,cell_H
img_000955,cell_E
img_013639,cell_A
img_014955,cell_F
img_012125,cell_D
img_006387,cell_B
img_012701,cell_B
img_009704,cell_B
img_000392,cell_A
img_008628,cell_F
img_004654,cell_F
img_003558,cell_G
img_015125,cell_B
img_002211,cell_F
img_011683,cell_B
img_016240,cell_B
img_006385,cell_A
img_007623,cell_H
img_013266,cell_F
img_012120,cell_F
img_008925,cell_F
img_014442,cell_B
img_006624,cell_E
img_004041,cell_B
img_005257,cell_C
img_005767,cell_A
img_010282,cell_F
img_003908,cell_F
img_001825,cell_B
img_009632,cell_D
img_009018,cell_B
img_010276,cell_E
img_015057,cell_E
img_000561,cell_F
img_011618,cell_C
img_009100,cell_B
img_001393,cell_F
img_010274,cell_B
img_008243,cell_B
img_008434,cell_G
img_000717,cell_A
img_014486,cell_B
img_012718,cell_G
img_015873,cell_A
img_012745,cell_B
img_015719,cell_G
img_008133,cell_B
img_005888,cell_D
img_014388,cell_F
img_010387,cell_A
img_016077,cell_F
img_012996,cell_D
img_007822,cell_D
img_004231,cell_E
img_001615,cell_D
img_016653,cell_D
img_013234,cell_C
img_016419,cell_B
img_016149,cell_D
img_009049,cell_F
img_012651,cell_E
img_012983,cell_A
img_008526,cell_G
img_011832,cell_D
img_001929,cell_F
img_015055,cell_F
img_000544,cell_C
img_011669,cell_C
img_002238,cell_B
img_015875,cell_C
img_003820,cell_B
img_013176,cell_B
img_009564,cell_G
img_003328,cell_F
img_002819,cell_B
img_006730,cell_H
img_013783,cell_G
img_007815,cell_B
img_001645,cell_B
img_013011,cell_H
img_014732,cell_G
img_007061,cell_G
img_000009,cell_C
img_004390,cell_H
img_011464,cell_F
img_003647,cell_H
img_011722,cell_B
img_012134,cell_F
img_002702,cell_D
img_002764,cell_H
img_002873,cell_B
img_009481,cell_G
img_005024,cell_A
img_013154,cell_A
img_008405,cell_A
img_010701,cell_H
img_008607,cell_C
img_016309,cell_C
img_000103,cell_C
img_008456,cell_C
img_009099,cell_A
img_013035,cell_D
img_007438,cell_D
img_002734,cell_F
img_012511,cell_B
img_015770,cell_C
img_014723,cell_C
img_012842,cell_B
img_008057,cell_F
img_005686,cell_D
img_002277,cell_C
img_009155,cell_E
img_016071,cell_F
img_002196,cell_H
img_000055,cell_H
img_014181,cell_B
img_013946,cell_F
img_006077,cell_B
img_007489,cell_F
img_004524,cell_C
img_008794,cell_A
img_002248,cell_C
img_004063,cell_B
img_010906,cell_G
img_015814,cell_A
img_015717,cell_F
img_016121,cell_E
img_002947,cell_F
img_007690,cell_F
img_008382,cell_F
img_002896,cell_C
img_005625,cell_B
img_002235,cell_A
img_009595,cell_F
img_003194,cell_C
img_001511,cell_C
img_011212,cell_F
img_002091,cell_D
img_016170,cell_G
img_013847,cell_F
img_016663,cell_C
img_010563,cell_C
img_000809,cell_D
img_005852,cell_H
img_006126,cell_C
img_002311,cell_F
img_014396,cell_E
img_009768,cell_F
img_008957,cell_C
img_004234,cell_A
img_000197,cell_C
img_003926,cell_F
img_000057,cell_A
img_011799,cell_D
img_003561,cell_B
img_001143,cell_F
img_007786,cell_C
img_012784,cell_F
img_012321,cell_B
img_013264,cell_H
img_016816,cell_H
img_003774,cell_A
img_001201,cell_B
img_009842,cell_B
img_002022,cell_D
img_001464,cell_A
img_012998,cell_C
img_011901,cell_A
img_007120,cell_C
img_004730,cell_F
img_012427,cell_H
img_011356,cell_E
img_005322,cell_C
img_012034,cell_A
img_002489,cell_C
img_008889,cell_F
img_007539,cell_E
img_007475,cell_B
img_013445,cell_B
img_006536,cell_B
img_002972,cell_E
img_006553,cell_B
img_003772,cell_C
img_004228,cell_F
img_013028,cell_H
img_005261,cell_E
img_000054,cell_F
img_004250,cell_C
img_011033,cell_A
img_003171,cell_B
img_015540,cell_B
img_009820,cell_F
img_002358,cell_B
img_001118,cell_F
img_015311,cell_A
img_016860,cell_F
img_005351,cell_G
img_012132,cell_E
img_005771,cell_C
img_002639,cell_D
img_001032,cell_D
img_011947,cell_F
img_002346,cell_E
img_012858,cell_G
img_014613,cell_C
img_003937,cell_G
img_006422,cell_B
img_016003,cell_C
img_016825,cell_A
img_000667,cell_B
img_012913,cell_C
img_015096,cell_B
img_003637,cell_G
img_002485,cell_G
img_002664,cell_H
img_003374,cell_C
img_013086,cell_C
img_008661,cell_B
img_000304,cell_A
img_015847,cell_F
img_006610,cell_C
img_017042,cell_A
img_014255,cell_D
img_007706,cell_D
img_012879,cell_G
img_016613,cell_G
img_008455,cell_B
img_008903,cell_C
img_011970,cell_F
img_001206,cell_E
img_001996,cell_B
img_012350,cell_G
img_013380,cell_D
img_014787,cell_B
img_009544,cell_B
img_016760,cell_B
img_005754,cell_C
img_008204,cell_F
img_004437,cell_F
img_003469,cell_B
img_013114,cell_E
img_012162,cell_B
img_002433,cell_A
img_000289,cell_A
img_002564,cell_E
img_002668,cell_A
img_000711,cell_E
img_005996,cell_B
img_004065,cell_H
img_012467,cell_E
img_000164,cell_F
img_016097,cell_B
img_008823,cell_B
img_004317,cell_C
img_014900,cell_D
img_012499,cell_E
img_006551,cell_G
img_007858,cell_D
img_011943,cell_C
img_000990,cell_B
img_016310,cell_F
img_012664,cell_B
img_005650,cell_C
img_013608,cell_B
img_016302,cell_A
img_016579,cell_E
img_010097,cell_C
img_010125,cell_A
img_016553,cell_F
img_011444,cell_H
img_012417,cell_C
img_004353,cell_F
img_012368,cell_A
img_009941,cell_C
img_002432,cell_A
img_015031,cell_A
img_009753,cell_A
img_000572,cell_C
img_016491,cell_C
img_008395,cell_F
img_013036,cell_C
img_009693,cell_A
img_007036,cell_G
img_003656,cell_B
img_004991,cell_C
img_008605,cell_D
img_002309,cell_G
img_009543,cell_A
img_013855,cell_H
img_004091,cell_B
img_009601,cell_H
img_001347,cell_F
img_010635,cell_A
img_004164,cell_C
img_015602,cell_H
img_003035,cell_H
img_003044,cell_B
img_007871,cell_C
img_001831,cell_F
img_008200,cell_B
img_002145,cell_F
img_003048,cell_H
img_014394,cell_E
img_011144,cell_B
img_002352,cell_D
img_002031,cell_F
img_009285,cell_A
img_001104,cell_F
img_003894,cell_A
img_009525,cell_C
img_011460,cell_F
img_016319,cell_F
img_009340,cell_F
img_007200,cell_F
img_008689,cell_A
img_013337,cell_D
img_007584,cell_G
img_002551,cell_A
img_015553,cell_C
img_005246,cell_B
img_014629,cell_B
img_011141,cell_B
img_002599,cell_A
img_016023,cell_C
img_000512,cell_H
img_003074,cell_G
img_013784,cell_C
img_007952,cell_F
img_013551,cell_E
img_004456,cell_B
img_012326,cell_H
img_001427,cell_B
img_007585,cell_B
img_003705,cell_C
img_005620,cell_B
img_009959,cell_B
img_010411,cell_C
img_016260,cell_G
img_007096,cell_F
img_005889,cell_C
img_000257,cell_C
img_000464,cell_A
img_014069,cell_C
img_002299,cell_D
img_006408,cell_A
img_000278,cell_B
img_012128,cell_H
img_011422,cell_A
img_001595,cell_B
img_001971,cell_F
img_005844,cell_B
img_016161,cell_C
img_010639,cell_A
img_002218,cell_C
img_016187,cell_H
img_011411,cell_B
img_011579,cell_F
img_008030,cell_F
img_014978,cell_D
img_009862,cell_B
img_005530,cell_A
img_002706,cell_C
img_011743,cell_A
img_012239,cell_E
img_007184,cell_C
img_013958,cell_C
img_014907,cell_C
img_008913,cell_C
img_006602,cell_C
img_010709,cell_C
img_006522,cell_F
img_010270,cell_F
img_004315,cell_D
img_003581,cell_G
img_004260,cell_D
img_005958,cell_A
img_013995,cell_C
img_012404,cell_B
img_003749,cell_F
img_009902,cell_C
img_014411,cell_B
img_011303,cell_G
img_001696,cell_A
img_001512,cell_A
img_003699,cell_F
img_012531,cell_B
img_005342,cell_B
img_003493,cell_G
img_017089,cell_A
img_005594,cell_D
img_004964,cell_F
img_016898,cell_H
img_010035,cell_D
img_012386,cell_C
img_006850,cell_F
img_003400,cell_B
img_010287,cell_H
img_012971,cell_A
img_002205,cell_H
img_012952,cell_B
img_015562,cell_B
img_015349,cell_F
img_014386,cell_F
img_014054,cell_G
img_008490,cell_H
img_012199,cell_C
img_006267,cell_B
img_016004,cell_D
img_007408,cell_C
img_013079,cell_B
img_005013,cell_B
img_016605,cell_B
img_000691,cell_B
img_016048,cell_F
img_004710,cell_H
img_008723,cell_D
img_006194,cell_B
img_002153,cell_B
img_004966,cell_B
img_013667,cell_B
img_000773,cell_C
img_009392,cell_C
img_011231,cell_C
img_001978,cell_D
img_016204,cell_G
img_015733,cell_F
img_014431,cell_A
img_015146,cell_F
img_015252,cell_F
img_013531,cell_F
img_005851,cell_D
img_012435,cell_D
img_007987,cell_C
img_000067,cell_F
img_007525,cell_B
img_001608,cell_C
img_009306,cell_F
img_007430,cell_E
img_011629,cell_H
img_005243,cell_D
img_014092,cell_A
img_012403,cell_C
img_010902,cell_H
img_006838,cell_D
img_004738,cell_C
img_014961,cell_A
img_010296,cell_F
img_007888,cell_A
img_015881,cell_F
img_012637,cell_A
img_008163,cell_G
img_007000,cell_F
img_010152,cell_G
img_005039,cell_F
img_010243,cell_C
img_006272,cell_C
img_009081,cell_B
img_014805,cell_F
img_015351,cell_H
img_017077,cell_B
img_008910,cell_C
img_006026,cell_E
img_009215,cell_A
img_002973,cell_A
img_011270,cell_D
img_008652,cell_H
img_016000,cell_F
img_007758,cell_F
img_010510,cell_B
img_013515,cell_D
img_016409,cell_F
img_002858,cell_F
img_007075,cell_H
img_006927,cell_B
img_012903,cell_B
img_004625,cell_A
img_003598,cell_H
img_015329,cell_A
img_002295,cell_E
img_001121,cell_F
img_002540,cell_A
img_008363,cell_B
img_008600,cell_F
img_011480,cell_F
img_009510,cell_D
img_013998,cell_H
img_012439,cell_C
img_013329,cell_B
img_011863,cell_F
img_013244,cell_A
img_010078,cell_A
img_010826,cell_B
img_011857,cell_B
img_001738,cell_F
img_011829,cell_B
img_003312,cell_A
img_011051,cell_B
img_016651,cell_B
img_016725,cell_B
img_001703,cell_A
img_005783,cell_A
img_007787,cell_B
img_009452,cell_E
img_011794,cell_D
img_003621,cell_A
img_002990,cell_B
img_010309,cell_C
img_002258,cell_C
img_006436,cell_C
img_004928,cell_H
img_003404,cell_C
img_016415,cell_F
img_002619,cell_C
img_001067,cell_B
img_006936,cell_D
img_009204,cell_C
img_004659,cell_B
img_003484,cell_A
img_009258,cell_B
img_013523,cell_A
img_005822,cell_A
img_014632,cell_B
img_008397,cell_C
img_002575,cell_F
img_009483,cell_B
img_003231,cell_A
img_013750,cell_A
img_011854,cell_F
img_014818,cell_F
img_013552,cell_D
img_004860,cell_C
img_015419,cell_B
img_008121,cell_B
img_008038,cell_A
img_004386,cell_H
img_000440,cell_A
img_007828,cell_H
img_002881,cell_E
img_011555,cell_G
img_002449,cell_B
img_010494,cell_B
img_017016,cell_B
img_013509,cell_A
img_015576,cell_B
img_006514,cell_F
img_000269,cell_B
img_010060,cell_D
img_013059,cell_H
img_011383,cell_G
img_009482,cell_C
img_003337,cell_D
img_008471,cell_C
img_001006,cell_B
img_014765,cell_C
img_004656,cell_B
img_007974,cell_H
img_009262,cell_B
img_014615,cell_C
img_004867,cell_G
img_009994,cell_C
img_005549,cell_B
img_005943,cell_C
img_010978,cell_C
img_006395,cell_H
img_014882,cell_F
img_014478,cell_B
img_008443,cell_B
img_003788,cell_A
img_009987,cell_B
img_010025,cell_H
img_011225,cell_D
img_012188,cell_D
img_012282,cell_D
img_000563,cell_F
img_007767,cell_H
img_007501,cell_C
img_008557,cell_F
img_004476,cell_C
img_011479,cell_F
img_009073,cell_C
img_005571,cell_E
img_000301,cell_D
img_009247,cell_B
img_007236,cell_F
img_016271,cell_G
img_001155,cell_C
img_005912,cell_F
img_013457,cell_B
img_003835,cell_B
img_005668,cell_B
img_010876,cell_G
img_006336,cell_D
img_008670,cell_A
img_012744,cell_C
img_001786,cell_A
img_011228,cell_F
img_000296,cell_B
img_014953,cell_F
img_015390,cell_B
img_001341,cell_A
img_011785,cell_C
img_009786,cell_F
img_010801,cell_C
img_006906,cell_B
img_011988,cell_B
img_003690,cell_C
img_013678,cell_C
img_001515,cell_A
img_001236,cell_B
img_009389,cell_C
img_016049,cell_C
img_007314,cell_A
img_016661,cell_G
img_011586,cell_F
img_007926,cell_B
img_000821,cell_F
img_007164,cell_B
img_006500,cell_B
img_001011,cell_C
img_001459,cell_C
img_000902,cell_C
img_007975,cell_D
img_004461,cell_F
img_011643,cell_F
img_001497,cell_A
img_012824,cell_F
img_009139,cell_C
img_010669,cell_A
img_009048,cell_C
img_005292,cell_A
img_006654,cell_G
img_005264,cell_F
img_016120,cell_B
img_015285,cell_C
img_015945,cell_C
img_014303,cell_H
img_000496,cell_B
img_009553,cell_F
img_016452,cell_C
img_006320,cell_H
img_003133,cell_D
img_014662,cell_G
img_005103,cell_B
img_003366,cell_F
img_000020,cell_C
img_011097,cell_C
img_012115,cell_H
img_012180,cell_C
img_013192,cell_H
img_016115,cell_H
img_002686,cell_F
img_003575,cell_B
img_000398,cell_A
img_016323,cell_H
img_014986,cell_F
img_011588,cell_B
img_002462,cell_E
img_007223,cell_A
img_012532,cell_B
img_006699,cell_F
img_011086,cell_F
img_003315,cell_A
img_013861,cell_G
img_004753,cell_F
img_009948,cell_H
img_014209,cell_E
img_000849,cell_C
img_005635,cell_G
img_013573,cell_F
img_014261,cell_D
img_007327,cell_H
img_012392,cell_F
img_016621,cell_E
img_007106,cell_B
img_010163,cell_A
img_010977,cell_F
img_010378,cell_B
img_012524,cell_D
img_007183,cell_F
img_016783,cell_G
img_010199,cell_A
img_012554,cell_A
img_015849,cell_A
img_016275,cell_B
img_008980,cell_A
img_003692,cell_H
img_012955,cell_G
img_011339,cell_G
img_014320,cell_B
img_003645,cell_A
img_011705,cell_C
img_003856,cell_A
img_006822,cell_C
img_016327,cell_B
img_016464,cell_A
img_008866,cell_F
img_001115,cell_B
img_006007,cell_H
img_006103,cell_A
img_015831,cell_E
img_010626,cell_F
img_011111,cell_A
img_007513,cell_C
img_000454,cell_E
img_001865,cell_E
img_006989,cell_C
img_002512,cell_B
img_002694,cell_C
img_013566,cell_D
img_010754,cell_F
img_017019,cell_D
img_008558,cell_B
img_013592,cell_D
img_002848,cell_C
img_008664,cell_F
img_009384,cell_H
img_014664,cell_F
img_004573,cell_G
img_009557,cell_D
img_012902,cell_C
img_011258,cell_B
img_008911,cell_C
img_006283,cell_E
img_005328,cell_F
img_008477,cell_G
img_007195,cell_F
img_012751,cell_C
img_007574,cell_B
img_001669,cell_C
img_016407,cell_B
img_008618,cell_A
img_002250,cell_A
img_003827,cell_H
img_015024,cell_C
img_003864,cell_D
img_014265,cell_C
img_005827,cell_C
img_014565,cell_H
img_008047,cell_B
img_002304,cell_B
img_001442,cell_A
img_010472,cell_E
img_009968,cell_H
img_006457,cell_F
img_000451,cell_B
img_000652,cell_C
img_003191,cell_A
img_003187,cell_A
img_012247,cell_H
img_013418,cell_C
img_015051,cell_H
img_003961,cell_E
img_002922,cell_B
img_012985,cell_A
img_013537,cell_F
img_000791,cell_D
img_013195,cell_E
img_012283,cell_G
img_001879,cell_B
img_004374,cell_A
img_004369,cell_D
img_001421,cell_C
img_006199,cell_A
img_009117,cell_A
img_009212,cell_C
img_014886,cell_C
img_006608,cell_G
img_013306,cell_B
img_012344,cell_B
img_003773,cell_B
img_010552,cell_E
img_010670,cell_B
img_014053,cell_A
img_014720,cell_F
img_004420,cell_F
img_007752,cell_D
img_005525,cell_F
img_008848,cell_B
img_013029,cell_D
img_008784,cell_F
img_001009,cell_B
img_001613,cell_C
img_007234,cell_A
img_003504,cell_A
img_000704,cell_E
img_000840,cell_C
img_009779,cell_D
img_015080,cell_G
img_009160,cell_B
img_004198,cell_B
img_015110,cell_D
img_015766,cell_E
img_013567,cell_D
img_005382,cell_A
img_013514,cell_H
img_000769,cell_E
img_000970,cell_F
img_004458,cell_E
img_001680,cell_H
img_010062,cell_H
img_016465,cell_D
img_008733,cell_D
img_000567,cell_C
img_016843,cell_B
img_001008,cell_C
img_010052,cell_B
img_013211,cell_G
img_003251,cell_H
img_016534,cell_B
img_008645,cell_C
img_016611,cell_G
img_006570,cell_F
img_007548,cell_D
img_005441,cell_B
img_006008,cell_F
img_000690,cell_D
img_002645,cell_C
img_012172,cell_D
img_008073,cell_C
img_008810,cell_D
img_006833,cell_F
img_008035,cell_E
img_016848,cell_D
img_000416,cell_A
img_005224,cell_A
img_012689,cell_A
img_015332,cell_A
img_000346,cell_A
img_006348,cell_G
img_016230,cell_C
img_012153,cell_B
img_015345,cell_G
img_001875,cell_D
img_001018,cell_A
img_010367,cell_D
img_014607,cell_G
img_004993,cell_A
img_014493,cell_B
img_001366,cell_B
img_015387,cell_A
img_016756,cell_F
img_000713,cell_C
img_014233,cell_F
img_017005,cell_C
img_007406,cell_B
img_005789,cell_D
img_015384,cell_A
img_001808,cell_D
img_008107,cell_F
img_014232,cell_A
img_012056,cell_E
img_016058,cell_E
img_014331,cell_G
img_002501,cell_C
img_010250,cell_D
img_014575,cell_G
img_002291,cell_C
img_003367,cell_G
img_014719,cell_F
img_004240,cell_F
img_004839,cell_C
img_002891,cell_E
img_011130,cell_D
img_004584,cell_E
img_003775,cell_C
img_002355,cell_B
img_003370,cell_B
img_008752,cell_F
img_004607,cell_A
img_006323,cell_E
img_015590,cell_B
img_016337,cell_B
img_015328,cell_B
img_001821,cell_H
img_015353,cell_C
img_003153,cell_A
img_005121,cell_A
img_014643,cell_F
img_011800,cell_F
img_014475,cell_D
img_003939,cell_F
img_001676,cell_F
img_013386,cell_H
img_016019,cell_G
img_014062,cell_A
img_014355,cell_C
img_007705,cell_C
img_001194,cell_C
img_012155,cell_B
img_000391,cell_E
img_004898,cell_B
img_004818,cell_C
img_003451,cell_C
img_014809,cell_H
img_005985,cell_F
img_014161,cell_C
img_012469,cell_H
img_014137,cell_F
img_004101,cell_F
img_007419,cell_A
img_002444,cell_E
img_006784,cell_A
img_014744,cell_D
img_016508,cell_H
img_010612,cell_B
img_002715,cell_F
img_011513,cell_F
img_000342,cell_H
img_012798,cell_G
img_006206,cell_H
img_007459,cell_F
img_003734,cell_G
img_012118,cell_C
img_001866,cell_F
img_002878,cell_G
img_014553,cell_A
img_005019,cell_C
img_014802,cell_G
img_004922,cell_H
img_002626,cell_B
img_007263,cell_E
img_015799,cell_B
img_008922,cell_B
img_015728,cell_C
img_011913,cell_A
img_015924,cell_C
img_010984,cell_C
img_011625,cell_A
img_004711,cell_B
img_014179,cell_C
img_014682,cell_D
img_015934,cell_H
img_013742,cell_G
img_010341,cell_D
img_002900,cell_A
img_002160,cell_G
img_005871,cell_C
img_009818,cell_B
img_016856,cell_D
img_001521,cell_C
img_012147,cell_B
img_001570,cell_B
img_010904,cell_D
img_001778,cell_H
img_006270,cell_A
img_005082,cell_B
img_017018,cell_A
img_006315,cell_F
img_010098,cell_B
img_012943,cell_B
img_001520,cell_E
img_014770,cell_C
img_003808,cell_C
img_001562,cell_F
img_001606,cell_A
img_006093,cell_D
img_010496,cell_E
img_009129,cell_F
img_008502,cell_H
img_008090,cell_F
img_013289,cell_F
img_005626,cell_B
img_009410,cell_C
img_005664,cell_A
img_011096,cell_C
img_005532,cell_A
img_012335,cell_F
img_006615,cell_E
img_010667,cell_B
img_003557,cell_B
img_009925,cell_F
img_004480,cell_C
img_007743,cell_C
img_003869,cell_B
img_005979,cell_E
img_004904,cell_B
img_003427,cell_B
img_016370,cell_B
img_012611,cell_B
img_012980,cell_C
img_006396,cell_H
img_007638,cell_D
img_000522,cell_H
img_014588,cell_D
img_010045,cell_A
img_007154,cell_F
img_015246,cell_H
img_005847,cell_B
img_017087,cell_D
img_008146,cell_E
img_013812,cell_D
img_006201,cell_H
img_000214,cell_D
img_013401,cell_C
img_012102,cell_F
img_004551,cell_C
img_003232,cell_B
img_007844,cell_D
img_005427,cell_B
img_002126,cell_H
img_005636,cell_B
img_011272,cell_A
img_009955,cell_A
img_009514,cell_G
img_014211,cell_A
img_015738,cell_C
img_014596,cell_B
img_002566,cell_G
img_010762,cell_C
img_016795,cell_E
img_009237,cell_B
img_004126,cell_E
img_016685,cell_F
img_013882,cell_F
img_006448,cell_B
img_014433,cell_F
img_005680,cell_C
img_010529,cell_F
img_003539,cell_B
img_010495,cell_A
img_006094,cell_B
img_010964,cell_G
img_015371,cell_C
img_004526,cell_C
img_009572,cell_F
img_012480,cell_H
img_001164,cell_C
img_006544,cell_B
img_010528,cell_G
img_005957,cell_C
img_006580,cell_A
img_015676,cell_B
img_008313,cell_E
img_006207,cell_B
img_013524,cell_F
img_016434,cell_F
img_011746,cell_F
img_000655,cell_C
img_002582,cell_B
img_009860,cell_G
img_016219,cell_C
img_008919,cell_H
img_012272,cell_A
img_001874,cell_H
img_001003,cell_B
img_002476,cell_G
img_015359,cell_G
img_006779,cell_A
img_010368,cell_A
img_015085,cell_C
img_005772,cell_F
img_009884,cell_B
img_012100,cell_E
img_000893,cell_F
img_003573,cell_C
img_016487,cell_C
img_011176,cell_F
img_008776,cell_F
img_013156,cell_A
img_004563,cell_B
img_015663,cell_F
img_001153,cell_C
img_011990,cell_D
img_015100,cell_B
img_001764,cell_D
img_008059,cell_A
img_010542,cell_C
img_015014,cell_D
img_009385,cell_F
img_016698,cell_H
img_014282,cell_H
img_008614,cell_B
img_005295,cell_C
img_009690,cell_B
img_011319,cell_B
img_012406,cell_F
img_011432,cell_A
img_008345,cell_C
img_008025,cell_G
img_013199,cell_F
img_013583,cell_B
img_000598,cell_C
img_010112,cell_B
img_006737,cell_C
img_016809,cell_B
img_001955,cell_C
img_007082,cell_B
img_010589,cell_B
img_002939,cell_G
img_009008,cell_E
img_009255,cell_A
img_007921,cell_G
img_015381,cell_G
img_013895,cell_B
img_013617,cell_B
img_003031,cell_C
img_008500,cell_F
img_012847,cell_C
img_002026,cell_H
img_010482,cell_A
img_016103,cell_G
img_005391,cell_F
img_013402,cell_G
img_008036,cell_F
img_007037,cell_B
img_016061,cell_E
img_005516,cell_E
img_010068,cell_A
img_011113,cell_B
img_011833,cell_H
img_004628,cell_B
img_002410,cell_G
img_009372,cell_G
img_011151,cell_C
img_001020,cell_A
img_009222,cell_F
img_012685,cell_C
img_016557,cell_G
img_014832,cell_B
img_015829,cell_A
img_000466,cell_D
img_010700,cell_A
img_006438,cell_A
img_015926,cell_D
img_008983,cell_C
img_006368,cell_B
img_003354,cell_B
img_009780,cell_C
img_004015,cell_C
img_001745,cell_A
img_002994,cell_A
img_013377,cell_E
img_009960,cell_F
img_014776,cell_H
img_005015,cell_F
img_012855,cell_F
img_014605,cell_C
img_015428,cell_A
img_013262,cell_E
img_009956,cell_G
img_009359,cell_A
img_008230,cell_C
img_000364,cell_B
img_007437,cell_F
img_001546,cell_D
img_003255,cell_C
img_008361,cell_B
img_007250,cell_D
img_012269,cell_B
img_016600,cell_C
img_002902,cell_G
img_012586,cell_A
img_015405,cell_D
img_006242,cell_C
img_014586,cell_C
img_011765,cell_F
img_013493,cell_C
img_015870,cell_H
img_009988,cell_A
img_014650,cell_H
img_000633,cell_C
img_000537,cell_H
img_015038,cell_B
img_012616,cell_C
img_009958,cell_B
img_012095,cell_A
img_006648,cell_C
img_005499,cell_F
img_009015,cell_C
img_013000,cell_G
img_017063,cell_B
img_001303,cell_G
img_008393,cell_G
img_013820,cell_C
img_013851,cell_F
img_012729,cell_C
img_006579,cell_C
img_006753,cell_E
img_002750,cell_F
img_017066,cell_F
img_013208,cell_F
img_011220,cell_C
img_010765,cell_F
img_011924,cell_F
img_009141,cell_D
img_002801,cell_C
img_016684,cell_C
img_000594,cell_B
img_016338,cell_C
img_008559,cell_A
img_013024,cell_C
img_003040,cell_B
img_006134,cell_F
img_012710,cell_F
img_006074,cell_B
img_003229,cell_B
img_001136,cell_H
img_010885,cell_C
img_011604,cell_A
img_016516,cell_E
img_007344,cell_B
img_005323,cell_H
img_005231,cell_D
img_002274,cell_F
img_015788,cell_C
img_013392,cell_H
img_009090,cell_E
img_014237,cell_F
img_016633,cell_F
img_015001,cell_D
img_010837,cell_F
img_009135,cell_B
img_012826,cell_F
img_015121,cell_C
img_015204,cell_B
img_005818,cell_A
img_012098,cell_B
img_006904,cell_G
img_007412,cell_F
img_009864,cell_H
img_012348,cell_B
img_002487,cell_F
img_014438,cell_F
img_014924,cell_B
img_010794,cell_D
img_001001,cell_C
img_004155,cell_B
img_000930,cell_C
img_012596,cell_A
img_003210,cell_E
img_011856,cell_C
img_009296,cell_D
img_001876,cell_A
img_016062,cell_H
img_001931,cell_E
img_009777,cell_B
img_001275,cell_D
img_006050,cell_A
img_017067,cell_B
img_012789,cell_A
img_006520,cell_D
img_010587,cell_A
img_001820,cell_F
img_007020,cell_E
img_009585,cell_C
img_015342,cell_F
img_016583,cell_D
img_001704,cell_D
img_002220,cell_F
img_001176,cell_G
img_004351,cell_C
img_002289,cell_C
img_009409,cell_H
img_009223,cell_D
img_001135,cell_F
img_003975,cell_E
img_006040,cell_C
img_003492,cell_C
img_008669,cell_B
img_009965,cell_H
img_005997,cell_G
img_016522,cell_C
img_008459,cell_A
img_012700,cell_B
img_003425,cell_F
img_004954,cell_B
img_011882,cell_B
img_016341,cell_A
img_001901,cell_H
img_004888,cell_G
img_011695,cell_C
img_000627,cell_B
img_004235,cell_C
img_008457,cell_G
img_006942,cell_A
img_008440,cell_E
img_010294,cell_B
img_002904,cell_D
img_008269,cell_B
img_012035,cell_D
img_008901,cell_F
img_004158,cell_C
img_001803,cell_F
img_004482,cell_B
img_005120,cell_C
img_014314,cell_F
img_003206,cell_F
img_000957,cell_C
img_004527,cell_F
img_009214,cell_C
img_009511,cell_H
img_015355,cell_F
img_007874,cell_B
img_013979,cell_C
img_001806,cell_B
img_001185,cell_F
img_015832,cell_A
img_002219,cell_C
img_000080,cell_A
img_010033,cell_C
img_012627,cell_D
img_005405,cell_A
img_016146,cell_B
img_002491,cell_D
img_002984,cell_H
img_002929,cell_D
img_016072,cell_B
img_009128,cell_E
img_003707,cell_G
img_000264,cell_B
img_005443,cell_E
img_009024,cell_B
img_002361,cell_A
img_006513,cell_G
img_009943,cell_F
img_009035,cell_B
img_009332,cell_G
img_002673,cell_E
img_008611,cell_D
img_009444,cell_E
img_006301,cell_C
img_010059,cell_E
img_013937,cell_B
img_016864,cell_C
img_006055,cell_C
img_000917,cell_F
img_007671,cell_C
img_005230,cell_C
img_005049,cell_A
img_005850,cell_B
img_014927,cell_C
img_011450,cell_G
img_000679,cell_B
img_014963,cell_F
img_013146,cell_G
img_011022,cell_H
img_008775,cell_F
img_004474,cell_A
img_015757,cell_B
img_006932,cell_F
img_012184,cell_D
img_014952,cell_H
img_000240,cell_D
img_004961,cell_G
img_009039,cell_F
img_007114,cell_F
img_001046,cell_H
img_013966,cell_E
img_010873,cell_B
img_008576,cell_F
img_004407,cell_B
img_007078,cell_F
img_006260,cell_C
img_008564,cell_C
img_004865,cell_F
img_013346,cell_A
img_013447,cell_D
img_014371,cell_D
img_014797,cell_C
img_013139,cell_C
img_001429,cell_C
img_015075,cell_F
img_006977,cell_C
img_004181,cell_D
img_014266,cell_C
img_013274,cell_B
img_010445,cell_B
img_016801,cell_D
img_000248,cell_C
img_003097,cell_A
img_000911,cell_H
img_009990,cell_H
img_010143,cell_A
img_003676,cell_C
img_006665,cell_H
img_012014,cell_H
img_002498,cell_A
img_016067,cell_E
img_003487,cell_C
img_005603,cell_A
img_012605,cell_H
img_012425,cell_D
img_009895,cell_A
img_009920,cell_H
img_006349,cell_A
img_014262,cell_F
img_009187,cell_B
img_011996,cell_G
img_007612,cell_G
img_005229,cell_A
img_014472,cell_A
img_000766,cell_E
img_012479,cell_B
img_001076,cell_F
img_009582,cell_C
img_013871,cell_C
img_007243,cell_A
img_015234,cell_B
img_008633,cell_B
img_007852,cell_D
img_013926,cell_D
img_006571,cell_C
img_004620,cell_D
img_016601,cell_D
img_007383,cell_C
img_000799,cell_B
img_015493,cell_A
img_002843,cell_C
img_006860,cell_B
img_015566,cell_G
img_008883,cell_C
img_001757,cell_G
img_004957,cell_B
img_011104,cell_B
img_012720,cell_B
img_016107,cell_A
img_008632,cell_G
img_006420,cell_H
img_007190,cell_A
img_013547,cell_C
img_011424,cell_F
img_008129,cell_B
img_003698,cell_C
img_013907,cell_F
img_006864,cell_D
img_000305,cell_F
img_000332,cell_B
img_001948,cell_D
img_007455,cell_F
img_000311,cell_C
img_003667,cell_H
img_002576,cell_D
img_009111,cell_B
img_010923,cell_H
img_010710,cell_A
img_003890,cell_E
img_004154,cell_A
img_004280,cell_F
img_005180,cell_C
img_003389,cell_F
img_006105,cell_H
img_000426,cell_C
img_003360,cell_D
img_000194,cell_B
img_001253,cell_E
img_001886,cell_H
img_011749,cell_C
img_007689,cell_E
img_001245,cell_C
img_007090,cell_C
img_015099,cell_B
img_003457,cell_C
img_013637,cell_F
img_003496,cell_A
img_015177,cell_E
img_004525,cell_B
img_014661,cell_C
img_004667,cell_G
img_014861,cell_F
img_004906,cell_G
img_009908,cell_H
img_003248,cell_C
img_004521,cell_G
img_009124,cell_A
img_010505,cell_D
img_005712,cell_D
img_013557,cell_A
img_012788,cell_C
img_008985,cell_F
img_013740,cell_C
img_009367,cell_A
img_015704,cell_C
img_003784,cell_B
img_007049,cell_H
img_009065,cell_B
img_014502,cell_G
img_002407,cell_B
img_013902,cell_B
img_013201,cell_G
img_012677,cell_D
img_000351,cell_E
img_012323,cell_D
img_004114,cell_C
img_015608,cell_B
img_007899,cell_B
img_002530,cell_B
img_016164,cell_D
img_005028,cell_E
img_016808,cell_F
img_011325,cell_B
img_005848,cell_A
img_007303,cell_A
img_002825,cell_A
img_005413,cell_D
img_009953,cell_A
img_009189,cell_A
img_004972,cell_B
img_007051,cell_E
img_012380,cell_D
img_005607,cell_C
img_008833,cell_F
img_013807,cell_E
img_006404,cell_F
img_008740,cell_F
img_013034,cell_A
img_003017,cell_C
img_005550,cell_C
img_016607,cell_D
img_013884,cell_A
img_016298,cell_F
img_002850,cell_A
img_010887,cell_C
img_007140,cell_C
img_007948,cell_F
img_006450,cell_D
img_004944,cell_B
img_006018,cell_F
img_007328,cell_B
img_005479,cell_A
img_006647,cell_F
img_007312,cell_H
img_003488,cell_B
img_000829,cell_H
img_007648,cell_A
img_012963,cell_D
img_004881,cell_G
img_002942,cell_F
img_014145,cell_C
img_011012,cell_G
img_016472,cell_B
img_016495,cell_G
img_012013,cell_C
img_011547,cell_E
img_007085,cell_B
img_007604,cell_D
img_013122,cell_A
img_004499,cell_C
img_005051,cell_D
img_014423,cell_F
img_004571,cell_C
img_016826,cell_B
img_001120,cell_F
img_005615,cell_C
img_013422,cell_B
img_016478,cell_A
img_000260,cell_C
img_005450,cell_F
img_006928,cell_C
img_004092,cell_F
img_007434,cell_A
img_014510,cell_H
img_006926,cell_C
img_005859,cell_B
img_001277,cell_B
img_007532,cell_D
img_006286,cell_E
img_012783,cell_B
img_006067,cell_C
img_007983,cell_B
img_012863,cell_C
img_001607,cell_G
img_007013,cell_B
img_005032,cell_F
img_000423,cell_G
img_009682,cell_D
img_004348,cell_H
img_000043,cell_B
img_013164,cell_E
img_007713,cell_F
img_005960,cell_G
img_010880,cell_F
img_001693,cell_C
img_015007,cell_C
img_001229,cell_D
img_013722,cell_C
img_002331,cell_C
img_014795,cell_H
img_010870,cell_A
img_017072,cell_F
img_002528,cell_C
img_009794,cell_F
img_008221,cell_B
img_002005,cell_C
img_004868,cell_C
img_000632,cell_B
img_006853,cell_F
img_007363,cell_F
img_006437,cell_B
img_004915,cell_A
img_013913,cell_E
img_001750,cell_H
img_014100,cell_C
img_014064,cell_G
img_003507,cell_H
img_012537,cell_F
img_000672,cell_F
img_012890,cell_D
img_013875,cell_B
img_015473,cell_H
img_010504,cell_C
img_000187,cell_H
img_010376,cell_C
img_012317,cell_C
img_003224,cell_C
img_005901,cell_B
img_016951,cell_E
img_009477,cell_F
img_010620,cell_A
img_007687,cell_H
img_015170,cell_C
img_016979,cell_A
img_005238,cell_A
img_010917,cell_H
img_005941,cell_D
img_009708,cell_D
img_009799,cell_G
img_010409,cell_B
img_014294,cell_F
img_005453,cell_F
img_011162,cell_A
img_006070,cell_C
img_014060,cell_G
img_007278,cell_H
img_005097,cell_F
img_000097,cell_A
img_001842,cell_F
img_007930,cell_F
img_000030,cell_C
img_009759,cell_E
img_010912,cell_H
img_016466,cell_H
img_001894,cell_H
img_012989,cell_B
img_010460,cell_B
img_010201,cell_A
img_008979,cell_F
img_006705,cell_H
img_012108,cell_F
img_010256,cell_C
img_017033,cell_G
img_011164,cell_C
img_004435,cell_B
img_008834,cell_F
img_011351,cell_F
img_014328,cell_F
img_012082,cell_C
img_013420,cell_F
img_013413,cell_B
img_008264,cell_C
img_000861,cell_G
img_003043,cell_F
img_001685,cell_C
img_009679,cell_C
img_014926,cell_B
img_014982,cell_D
img_013283,cell_F
img_006634,cell_C
img_008918,cell_A
img_015951,cell_H
img_000450,cell_C
img_011739,cell_D
img_013739,cell_F
img_016043,cell_H
img_015834,cell_C
img_005555,cell_A
img_000721,cell_C
img_005421,cell_B
img_010046,cell_C
img_003148,cell_B
img_004921,cell_G
img_004764,cell_B
img_002175,cell_C
img_003807,cell_C
img_006191,cell_B
img_005952,cell_A
img_006143,cell_F
img_000228,cell_F
img_008318,cell_B
img_016964,cell_C
img_012105,cell_F
img_006751,cell_C
img_005155,cell_A
img_000966,cell_F
img_010680,cell_E
img_001869,cell_F
img_000229,cell_F
img_013488,cell_C
img_014751,cell_B
img_006712,cell_C
img_007334,cell_E
img_011171,cell_G
img_013479,cell_H
img_009044,cell_C
img_003923,cell_B
img_003764,cell_B
img_016950,cell_B
img_001224,cell_B
img_016396,cell_H
img_014144,cell_B
img_000647,cell_B
img_002232,cell_C
img_002628,cell_D
img_010952,cell_C
img_010288,cell_C
img_005805,cell_H
img_012112,cell_D
img_006118,cell_E
img_009656,cell_D
img_016423,cell_F
img_004714,cell_B
img_001361,cell_F
img_004088,cell_C
img_008022,cell_A
img_000331,cell_C
img_014799,cell_C
img_003454,cell_C
img_012420,cell_D
img_009107,cell_B
img_011324,cell_F
img_001390,cell_F
img_001856,cell_F
img_016878,cell_B
img_014367,cell_B
img_016119,cell_F
img_001707,cell_F
img_013798,cell_A
img_003409,cell_B
img_003217,cell_A
img_013943,cell_C
img_010909,cell_B
img_012533,cell_C
img_008977,cell_C
img_000200,cell_B
img_002375,cell_A
img_006005,cell_A
img_013933,cell_B
img_015545,cell_C
img_003677,cell_F
img_017050,cell_B
img_014672,cell_F
img_006512,cell_D
img_013860,cell_E
img_004912,cell_C
img_006221,cell_B
img_006603,cell_C
img_015519,cell_F
img_002510,cell_D
img_011001,cell_B
img_016678,cell_B
img_003126,cell_C
img_008454,cell_B
img_012097,cell_F
img_016285,cell_G
img_014182,cell_G
img_002991,cell_B
img_001416,cell_B
img_008770,cell_C
img_000357,cell_D
img_002533,cell_G
img_011343,cell_G
img_001754,cell_F
img_015817,cell_A
img_013051,cell_A
img_007746,cell_A
img_012361,cell_G
img_001377,cell_C
img_009188,cell_B
img_013498,cell_F
img_005970,cell_F
img_012495,cell_F
img_003151,cell_B
img_007309,cell_C
img_010493,cell_B
img_009504,cell_F
img_010315,cell_D
img_013791,cell_F
img_013868,cell_F
img_012334,cell_C
img_011004,cell_C
img_000277,cell_A
img_014834,cell_C
img_015971,cell_E
img_001629,cell_F
img_015938,cell_D
img_016064,cell_B
img_009785,cell_B
img_015620,cell_B
img_010824,cell_F
img_004246,cell_D
img_013002,cell_B
img_015601,cell_C
img_016990,cell_G
img_013092,cell_B
img_000317,cell_F
img_015961,cell_E
img_008071,cell_C
img_008493,cell_D
img_000274,cell_F
img_015052,cell_C
img_004050,cell_C
img_010302,cell_D
img_002354,cell_C
img_012877,cell_F
img_000923,cell_B
img_001338,cell_C
img_014013,cell_B
img_008273,cell_G
img_008935,cell_G
img_004051,cell_B
img_004693,cell_F
img_002206,cell_A
img_006342,cell_C
img_013649,cell_A
img_001826,cell_B
img_010432,cell_H
img_005820,cell_G
img_012948,cell_H
img_011869,cell_A
img_011053,cell_F
img_002307,cell_G
img_016586,cell_C
img_010570,cell_H
img_007710,cell_H
img_009970,cell_F
img_011684,cell_F
img_013311,cell_C
img_000183,cell_B
img_013134,cell_A
img_003609,cell_D
img_001334,cell_F
img_011267,cell_B
img_012691,cell_H
img_003241,cell_B
img_015911,cell_A
img_002006,cell_E
img_009718,cell_B
img_017031,cell_D
img_004713,cell_F
img_016942,cell_B
img_003365,cell_B
img_016511,cell_C
img_006980,cell_B
img_012459,cell_H
img_011637,cell_H
img_000073,cell_D
img_014647,cell_B
img_010658,cell_C
img_009579,cell_G
img_004218,cell_F
img_009891,cell_H
img_009999,cell_F
img_011934,cell_H
img_004681,cell_A
img_015558,cell_F
img_004929,cell_G
img_009341,cell_E
img_003032,cell_F
img_004025,cell_C
img_011670,cell_E
img_004054,cell_D
img_012345,cell_B
img_004884,cell_B
img_002669,cell_D
img_006792,cell_C
img_008353,cell_E
img_000191,cell_C
img_007661,cell_F
img_001959,cell_F
img_006261,cell_A
img_010081,cell_A
img_010630,cell_A
img_011847,cell_E
img_015209,cell_C
img_015475,cell_E
img_006367,cell_F
img_010310,cell_C
img_003671,cell_C
img_001107,cell_F
img_015671,cell_E
img_008527,cell_B
img_003554,cell_C
img_000409,cell_C
img_000083,cell_B
img_010449,cell_C
img_008461,cell_H
img_013675,cell_E
img_000987,cell_D
img_012230,cell_A
img_003737,cell_A
img_007028,cell_E
img_012543,cell_B
img_006193,cell_D
img_016485,cell_G
img_015140,cell_C
img_001313,cell_H
img_008930,cell_E
img_005656,cell_F
img_000924,cell_E
img_002712,cell_C
img_012507,cell_C
img_002416,cell_D
img_004000,cell_D
img_003033,cell_C
img_005856,cell_C
img_005247,cell_A
img_011960,cell_B
img_001212,cell_E
img_002148,cell_C
img_007225,cell_F
img_013594,cell_C
img_013730,cell_C
img_003635,cell_D
img_004502,cell_C
img_001989,cell_C
img_005143,cell_B
img_006243,cell_G
img_009137,cell_B
img_013694,cell_E
img_008666,cell_B
img_010711,cell_E
img_015948,cell_E
img_005492,cell_D
img_005693,cell_F
img_007693,cell_B
img_016328,cell_C
img_001490,cell_A
img_013568,cell_A
img_008005,cell_A
img_010708,cell_F
img_013601,cell_H
img_006925,cell_G
img_011385,cell_H
img_003976,cell_D
img_016904,cell_D
img_010238,cell_C
img_013941,cell_B
img_002496,cell_F
img_002320,cell_F
img_000947,cell_A
img_010975,cell_B
img_004020,cell_C
img_010629,cell_H
img_010022,cell_D
img_014410,cell_B
img_001387,cell_D
img_016903,cell_B
img_012582,cell_B
img_016168,cell_A
img_008679,cell_F
img_011226,cell_B
img_001597,cell_B
img_000163,cell_H
img_008809,cell_C
img_008172,cell_B
img_015280,cell_C
img_014200,cell_F
img_013886,cell_F
img_014762,cell_G
img_000862,cell_A
img_007100,cell_C
img_011887,cell_C
img_005384,cell_C
img_006588,cell_B
img_007398,cell_G
img_008568,cell_D
img_003560,cell_G
img_009474,cell_G
img_010484,cell_E
img_013587,cell_G
img_015225,cell_H
img_010531,cell_C
img_013815,cell_F
img_009783,cell_F
img_013555,cell_G
img_007535,cell_F
img_009221,cell_C
img_003977,cell_C
img_007463,cell_A
img_017083,cell_D
img_003113,cell_B
img_009407,cell_D
img_001877,cell_A
img_008263,cell_F
img_007168,cell_B
img_004981,cell_B
img_014006,cell_G
img_012233,cell_A
img_012060,cell_B
img_010174,cell_A
img_016692,cell_A
img_010499,cell_D
img_011430,cell_A
img_008425,cell_F
img_016719,cell_H
img_011937,cell_B
img_012550,cell_F
img_004488,cell_H
img_015509,cell_C
img_003720,cell_C
img_011475,cell_E
img_012834,cell_C
img_015503,cell_A
img_002267,cell_B
img_009295,cell_G
img_012159,cell_E
img_011702,cell_C
img_010575,cell_H
img_014412,cell_A
img_009793,cell_C
img_003862,cell_F
img_011821,cell_C
img_004238,cell_E
img_003064,cell_D
img_000047,cell_A
img_007999,cell_C
img_012739,cell_E
img_012029,cell_A
img_004073,cell_C
img_006033,cell_F
img_003331,cell_C
img_000730,cell_F
img_013607,cell_A
img_006036,cell_H
img_015627,cell_A
img_004034,cell_B
img_006733,cell_F
img_000108,cell_C
img_010396,cell_H
img_008789,cell_B
img_001137,cell_E
img_002964,cell_D
img_004611,cell_F
img_013605,cell_G
img_012988,cell_H
img_005428,cell_B
img_007976,cell_B
img_009844,cell_D
img_001534,cell_B
img_001050,cell_E
img_015648,cell_C
img_005839,cell_B
img_016381,cell_D
img_016325,cell_B
img_010707,cell_A
img_009271,cell_C
img_016960,cell_H
img_012564,cell_H
img_015570,cell_A
img_000344,cell_B
img_010279,cell_C
img_013690,cell_G
img_005409,cell_B
img_002672,cell_F
img_000034,cell_H
img_007102,cell_F
img_010749,cell_H
img_001970,cell_F
img_003197,cell_G
img_005072,cell_C
img_003736,cell_A
img_012478,cell_F
img_014837,cell_B
img_006547,cell_E
img_013263,cell_G
img_016582,cell_F
img_011842,cell_B
img_002682,cell_A
img_011402,cell_E
img_008370,cell_F
img_015288,cell_G
img_017084,cell_F
img_006644,cell_F
img_010397,cell_C
img_014709,cell_E
img_010500,cell_D
img_002468,cell_C
img_004802,cell_H
img_009692,cell_A
img_004191,cell_G
img_000639,cell_G
img_003727,cell_F
img_010839,cell_C
img_010436,cell_C
img_005267,cell_B
img_003921,cell_B
img_001984,cell_G
img_011010,cell_B
img_009547,cell_B
img_005648,cell_C
img_016769,cell_G
img_009520,cell_G
img_010933,cell_C
img_008851,cell_B
img_013823,cell_A
img_013112,cell_D
img_011088,cell_C
img_001873,cell_F
img_002183,cell_H
img_007068,cell_D
img_005386,cell_A
img_004605,cell_D
img_015761,cell_C
img_010148,cell_H
img_009620,cell_H
img_001203,cell_H
img_003630,cell_B
img_016355,cell_F
img_001379,cell_B
img_005671,cell_E
img_000643,cell_B
img_006370,cell_B
img_002474,cell_B
img_001356,cell_G
img_005804,cell_H
img_002827,cell_C
img_003701,cell_A
img_003743,cell_A
img_000352,cell_F
img_011835,cell_F
img_007496,cell_F
img_005563,cell_F
img_006294,cell_C
img_004151,cell_H
img_008325,cell_B
img_012402,cell_A
img_009952,cell_D
img_005955,cell_D
img_009928,cell_F
img_014456,cell_H
img_003459,cell_F
img_004998,cell_F
img_012073,cell_G
img_016805,cell_B
img_012059,cell_C
img_013751,cell_C
img_005806,cell_A
img_009689,cell_C
img_000031,cell_C
img_008665,cell_H
img_003117,cell_E
img_007421,cell_F
img_005590,cell_B
img_008868,cell_E
img_010382,cell_F
img_013718,cell_A
img_007035,cell_A
img_003832,cell_E
img_014967,cell_E
img_005090,cell_C
img_012693,cell_H
img_015712,cell_A
img_002893,cell_B
img_000665,cell_H
img_010474,cell_C
img_003525,cell_D
img_010841,cell_A
img_003552,cell_E
img_015278,cell_F
img_000928,cell_A
img_006426,cell_F
img_002467,cell_A
img_015544,cell_F
img_000146,cell_B
img_000115,cell_B
img_005732,cell_B
img_006561,cell_F
img_003379,cell_B
img_004861,cell_D
img_005189,cell_B
img_001788,cell_B
img_005478,cell_F
img_008060,cell_C
img_002421,cell_A
img_011728,cell_E
img_001800,cell_C
img_004744,cell_B
img_012831,cell_C
img_008678,cell_C
img_005418,cell_G
img_000531,cell_D
img_013924,cell_D
img_000087,cell_F
img_008754,cell_H
img_011831,cell_H
img_016005,cell_C
img_013492,cell_H
img_016544,cell_H
img_010346,cell_A
img_001903,cell_F
img_011536,cell_B
img_013619,cell_B
img_007441,cell_A
img_007773,cell_E
img_006558,cell_A
img_006041,cell_C
img_008612,cell_C
img_011769,cell_A
img_000519,cell_C
img_014422,cell_B
img_014854,cell_G
img_013729,cell_F
img_010526,cell_D
img_008549,cell_C
img_014341,cell_H
img_010103,cell_D
img_016418,cell_H
img_016693,cell_G
img_000438,cell_C
img_004418,cell_C
img_010061,cell_B
img_004655,cell_D
img_008553,cell_H
img_004650,cell_H
img_003686,cell_C
img_011622,cell_A
img_016236,cell_E
img_005731,cell_F
img_010682,cell_A
img_003041,cell_F
img_006278,cell_D
img_002191,cell_B
img_010768,cell_C
img_000940,cell_F
img_003907,cell_H
img_013644,cell_B
img_010000,cell_F
img_011844,cell_H
img_003479,cell_B
img_002044,cell_H
img_009493,cell_C
img_002787,cell_G
img_009118,cell_C
img_016208,cell_E
img_010972,cell_F
img_011542,cell_F
img_009589,cell_B
img_011946,cell_A
img_004866,cell_A
img_002711,cell_B
img_017057,cell_C
img_012765,cell_F
img_001844,cell_F
img_011766,cell_F
img_014432,cell_B
img_001840,cell_F
img_011694,cell_F
img_005289,cell_C
img_008821,cell_E
img_002055,cell_C
img_008285,cell_E
img_005896,cell_C
img_014769,cell_F
img_007718,cell_D
img_015272,cell_F
img_003608,cell_A
img_004720,cell_C
img_014361,cell_B
img_014983,cell_E
img_012670,cell_C
img_000198,cell_F
img_003833,cell_D
img_003577,cell_E
img_005741,cell_G
img_014696,cell_B
img_008781,cell_A
img_013407,cell_F
img_014337,cell_B
img_011893,cell_F
img_015045,cell_F
img_006037,cell_G
img_006869,cell_C
img_013184,cell_G
img_013296,cell_B
img_012999,cell_D
img_005387,cell_C
img_003034,cell_H
img_005498,cell_B
img_009186,cell_B
img_003155,cell_B
img_006549,cell_D
img_000520,cell_B
img_009536,cell_D
img_012130,cell_F
img_010464,cell_C
img_004760,cell_E
img_014533,cell_B
img_013707,cell_D
img_012947,cell_B
img_005237,cell_C
img_016676,cell_F
img_013827,cell_C
img_012587,cell_G
img_014960,cell_D
img_010204,cell_F
img_001726,cell_D
img_011736,cell_C
img_003203,cell_G
img_016740,cell_F
img_008212,cell_B
img_014699,cell_F
img_001399,cell_E
img_015502,cell_C
img_007386,cell_A
img_012047,cell_B
img_016301,cell_C
img_003955,cell_A
img_016463,cell_D
img_014201,cell_A
img_014572,cell_C
img_006829,cell_E
img_010971,cell_E
img_003327,cell_C
img_000329,cell_H
img_016050,cell_D
img_016894,cell_F
img_006723,cell_C
img_000280,cell_F
img_013204,cell_D
img_005786,cell_A
img_014758,cell_G
img_015751,cell_C
img_006144,cell_E
img_013334,cell_B
img_009412,cell_B
img_008390,cell_H
img_008830,cell_A
img_015262,cell_F
img_011037,cell_B
img_013120,cell_B
img_014535,cell_C
img_012872,cell_E
img_014192,cell_B
img_006999,cell_A
img_016197,cell_G
img_008510,cell_F
img_014980,cell_D
img_006086,cell_D
img_006292,cell_C
img_007439,cell_G
img_000516,cell_B
img_015661,cell_C
img_013095,cell_B
img_009004,cell_F
img_008667,cell_C
img_001308,cell_C
img_007161,cell_C
img_012307,cell_D
img_003778,cell_F
img_002240,cell_D
img_016194,cell_F
img_010805,cell_F
img_016221,cell_E
img_000596,cell_C
img_014038,cell_H
img_005706,cell_E
img_015251,cell_F
img_002719,cell_F
img_006554,cell_E
img_005151,cell_B
img_012676,cell_B
img_015457,cell_A
img_000724,cell_C
img_005069,cell_B
img_011786,cell_C
img_007613,cell_A
img_016744,cell_A
img_011853,cell_G
img_001467,cell_B
img_008515,cell_B
img_002854,cell_D
img_015863,cell_C
img_002908,cell_E
img_015802,cell_F
img_016918,cell_G
img_004064,cell_F
img_006133,cell_E
img_007246,cell_F
img_012935,cell_A
img_005548,cell_E
img_001419,cell_G
img_000662,cell_A
img_014099,cell_D
img_011467,cell_D
img_005058,cell_A
img_007940,cell_A
img_015423,cell_B
img_007179,cell_C
img_007686,cell_B
img_008738,cell_G
img_012223,cell_B
img_012228,cell_C
img_005521,cell_F
img_004498,cell_H
img_007331,cell_H
img_015089,cell_A
img_013586,cell_C
img_016656,cell_C
img_016505,cell_A
img_003940,cell_C
img_003254,cell_B
img_008040,cell_C
img_009532,cell_C
img_013471,cell_C
img_013360,cell_F
img_009558,cell_G
img_008342,cell_B
img_012940,cell_B
img_001871,cell_F
img_006098,cell_D
img_016270,cell_E
img_009017,cell_D
img_013519,cell_F
img_005338,cell_H
img_012843,cell_A
img_003083,cell_C
img_016501,cell_D
img_015780,cell_B
img_013248,cell_D
img_008956,cell_G
img_006915,cell_A
img_016454,cell_F
img_007332,cell_G
img_005977,cell_F
img_011686,cell_B
img_016968,cell_D
img_009866,cell_B
img_007470,cell_B
img_003728,cell_A
img_005821,cell_C
img_008475,cell_F
img_016907,cell_F
img_016394,cell_G
img_009097,cell_F
img_009142,cell_F
img_009088,cell_F
img_015546,cell_D
img_003280,cell_B
img_008053,cell_D
img_016555,cell_C
img_016139,cell_C
img_005395,cell_F
img_002207,cell_C
img_014653,cell_B
img_004436,cell_B
img_009343,cell_H
img_011627,cell_B
img_009685,cell_C
img_011210,cell_E
img_010165,cell_B
img_002744,cell_C
img_003403,cell_H
img_003174,cell_E
img_016293,cell_B
img_007769,cell_F
img_010333,cell_F
img_004682,cell_A
img_010661,cell_H
img_008772,cell_D
img_015883,cell_A
img_011848,cell_C
img_015222,cell_H
img_010874,cell_B
img_000952,cell_A
img_016908,cell_B
img_004007,cell_A
img_001025,cell_B
img_011289,cell_D
img_008101,cell_A
img_015658,cell_A
img_005981,cell_A
img_014841,cell_F
img_006933,cell_F
img_006277,cell_B
img_002724,cell_A
img_007063,cell_E
img_000653,cell_C
img_004663,cell_E
img_015563,cell_G
img_007944,cell_B
img_003567,cell_F
img_006010,cell_F
img_016182,cell_B
img_007729,cell_D
img_004597,cell_C
img_006824,cell_B
img_011971,cell_A
img_000938,cell_B
img_004791,cell_C
img_005573,cell_H
img_005887,cell_A
img_008008,cell_A
img_014937,cell_C
img_010691,cell_G
img_003125,cell_E
img_007766,cell_C
img_004617,cell_D
img_015208,cell_F
img_002103,cell_E
img_013064,cell_F
img_007800,cell_A
img_005476,cell_A
img_005106,cell_F
img_010469,cell_A
img_015547,cell_G
img_016998,cell_F
img_001746,cell_B
img_007512,cell_E
img_000584,cell_B
img_003843,cell_B
img_004613,cell_A
img_003195,cell_D
img_015635,cell_B
img_008936,cell_A
img_014043,cell_H
img_009591,cell_G
img_003303,cell_H
img_006227,cell_A
img_011052,cell_D
img_010543,cell_B
img_001867,cell_C
img_004414,cell_G
img_007685,cell_A
img_001284,cell_B
img_002037,cell_B
img_013581,cell_C
img_000806,cell_A
img_000589,cell_F
img_005983,cell_H
img_002381,cell_C
img_015169,cell_B
img_014494,cell_F
img_001354,cell_A
img_006262,cell_E
img_011754,cell_B
img_007699,cell_F
img_011196,cell_C
img_011861,cell_B
img_008333,cell_B
img_009098,cell_B
img_002409,cell_A
img_012164,cell_F
img_008246,cell_G
img_016349,cell_A
img_015067,cell_D
img_012461,cell_B
img_007346,cell_C
img_013038,cell_C
img_006402,cell_B
img_014028,cell_D
img_000998,cell_G
img_000716,cell_B
img_008194,cell_F
img_011363,cell_F
img_007367,cell_F
img_000551,cell_G
img_016899,cell_D
img_000817,cell_F
img_004159,cell_B
img_007719,cell_F
img_004286,cell_C
img_016591,cell_D
img_007586,cell_F
img_013236,cell_G
img_002342,cell_G
img_012285,cell_C
img_003093,cell_D
img_003603,cell_H
img_000588,cell_C
img_005899,cell_F
img_003679,cell_H
img_006190,cell_E
img_006958,cell_A
img_014378,cell_A
img_002036,cell_C
img_000708,cell_D
img_008123,cell_C
img_014357,cell_F
img_004357,cell_H
img_007297,cell_F
img_008417,cell_C
img_013893,cell_D
img_009889,cell_F
img_014376,cell_A
img_001129,cell_F
img_001795,cell_A
img_016564,cell_B
img_013066,cell_A
img_009930,cell_H
img_016925,cell_H
img_015685,cell_C
img_008431,cell_A
img_009613,cell_B
img_009348,cell_G
img_007700,cell_F
img_008027,cell_C
img_007997,cell_A
img_010338,cell_A
img_007591,cell_F
img_001568,cell_F
img_008765,cell_A
img_016833,cell_C
img_007079,cell_H
img_007956,cell_C
img_008671,cell_B
img_000138,cell_F
img_014746,cell_F
img_011174,cell_H
img_005491,cell_F
img_005399,cell_D
img_006302,cell_F
img_013989,cell_A
img_004565,cell_H
img_014312,cell_A
img_002275,cell_B
img_006391,cell_E
img_005546,cell_G
img_012779,cell_D
img_006064,cell_D
img_013022,cell_C
img_004321,cell_A
img_007404,cell_G
img_001090,cell_E
img_015158,cell_B
img_012251,cell_C
img_003783,cell_D
img_006993,cell_F
img_013842,cell_F
img_005892,cell_B
img_009217,cell_C
img_011811,cell_F
img_012659,cell_C
img_006496,cell_B
img_000548,cell_B
img_006589,cell_A
img_009363,cell_A
img_015327,cell_E
img_004653,cell_B
img_011507,cell_B
img_012416,cell_C
img_007582,cell_D
img_006543,cell_F
img_014790,cell_F
img_002946,cell_B
img_002771,cell_G
img_003718,cell_B
img_011876,cell_D
img_000082,cell_D
img_007739,cell_E
img_014245,cell_A
img_013190,cell_C
img_007133,cell_A
img_009600,cell_F
img_016592,cell_A
img_003342,cell_B
img_000529,cell_C
img_003935,cell_C
img_005219,cell_F
img_009872,cell_D
img_011100,cell_D
img_015516,cell_A
img_002087,cell_A
img_006275,cell_D
img_012968,cell_C
img_002464,cell_F
img_009724,cell_D
img_001013,cell_F
img_014500,cell_F
img_004851,cell_F
img_001749,cell_H
img_008791,cell_C
img_008128,cell_G
img_008287,cell_D
img_004190,cell_C
img_013299,cell_A
img_011042,cell_C
img_014620,cell_A
img_008148,cell_B
img_016205,cell_B
img_015637,cell_G
img_016297,cell_D
img_000742,cell_G
img_005624,cell_E
img_012020,cell_A
img_004459,cell_C
img_004958,cell_C
img_000177,cell_F
img_005434,cell_G
img_012139,cell_H
img_003157,cell_F
img_011918,cell_B
img_012258,cell_C
img_003713,cell_A
img_005919,cell_A
img_011334,cell_C
img_003766,cell_E
img_016318,cell_B
img_013056,cell_B
img_010631,cell_C
img_008143,cell_C
img_004800,cell_A
img_010766,cell_D
img_015453,cell_B
img_010856,cell_E
img_005881,cell_E
img_001677,cell_A
img_016440,cell_A
img_012634,cell_C
img_004485,cell_A
img_009338,cell_E
img_009954,cell_F
img_009710,cell_C
img_005339,cell_B
img_009302,cell_A
img_006322,cell_B
img_008677,cell_B
img_007538,cell_B
img_012412,cell_C
img_011886,cell_C
img_007436,cell_G
img_002452,cell_E
img_005807,cell_H
img_016602,cell_H
img_003968,cell_E
img_010177,cell_G
img_008376,cell_C
img_008371,cell_D
img_006690,cell_A
img_013290,cell_B
img_010921,cell_B
img_016089,cell_B
img_011520,cell_C
img_008653,cell_E
img_006735,cell_F
img_006725,cell_F
img_009522,cell_D
img_010271,cell_F
img_015794,cell_G
img_011378,cell_B
img_005733,cell_F
img_000736,cell_B
img_003486,cell_B
img_014436,cell_B
img_002212,cell_A
img_016921,cell_A
img_009145,cell_A
img_003681,cell_C
img_008499,cell_B
img_012366,cell_E
img_004877,cell_F
img_015291,cell_B
img_015748,cell_C
img_002506,cell_G
img_015724,cell_G
img_012385,cell_C
img_009273,cell_H
img_012936,cell_F
img_003490,cell_D
img_002906,cell_A
img_006899,cell_B
img_005291,cell_B
img_000374,cell_G
img_011945,cell_D
img_007737,cell_C
img_010516,cell_B
img_005953,cell_H
img_007125,cell_E
img_014052,cell_G
img_010729,cell_H
img_015759,cell_H
img_001087,cell_A
img_010574,cell_H
img_013320,cell_C
img_004967,cell_A
img_008492,cell_A
img_010622,cell_C
img_009380,cell_F
img_006978,cell_F
img_003904,cell_B
img_003761,cell_A
img_002865,cell_F
img_014289,cell_C
img_004916,cell_A
img_006089,cell_G
img_005562,cell_G
img_013017,cell_H
img_014680,cell_D
img_007432,cell_B
img_004347,cell_H
img_011024,cell_A
img_002074,cell_B
img_007723,cell_C
img_011426,cell_A
img_003176,cell_A
img_004110,cell_F
img_014273,cell_C
img_002246,cell_C
img_007647,cell_C
img_011747,cell_E
img_016720,cell_F
img_006240,cell_B
img_014903,cell_B
img_009403,cell_F
img_012384,cell_F
img_004639,cell_B
img_002605,cell_H
img_014867,cell_H
img_012346,cell_C
img_005800,cell_C
img_000807,cell_G
img_000025,cell_A
img_000294,cell_A
img_015901,cell_F
img_002051,cell_A
img_003029,cell_C
img_001616,cell_F
img_002303,cell_H
img_006273,cell_A
img_008421,cell_C
img_016936,cell_B
img_011624,cell_C
img_016863,cell_F
img_002365,cell_C
img_007576,cell_C
img_013511,cell_D
img_015152,cell_D
img_016203,cell_A
img_002302,cell_H
img_002621,cell_C
img_008792,cell_F
img_001034,cell_A
img_001014,cell_B
img_015804,cell_C
img_016181,cell_E
img_003344,cell_F
img_014186,cell_C
img_011066,cell_C
img_005196,cell_B
img_007730,cell_E
img_006079,cell_C
img_000241,cell_E
img_004122,cell_G
img_015226,cell_G
img_016548,cell_A
img_008366,cell_C
img_001998,cell_D
img_012068,cell_G
img_001472,cell_B
img_000285,cell_C
img_002296,cell_G
img_006319,cell_C
img_015880,cell_B
img_015416,cell_C
img_005232,cell_F
img_013182,cell_C
img_009859,cell_A
img_012212,cell_A
img_004055,cell_C
img_010897,cell_B
img_001700,cell_E
img_000757,cell_E
img_009607,cell_H
img_003281,cell_C
img_015105,cell_E
img_012540,cell_B
img_012244,cell_G
img_001273,cell_A
img_006555,cell_F
img_016673,cell_E
img_009676,cell_F
img_009196,cell_D
img_003269,cell_C
img_000302,cell_B
img_014810,cell_A
img_009551,cell_D
img_007446,cell_D
img_005293,cell_A
img_012498,cell_A
img_004364,cell_A
img_016869,cell_A
img_016840,cell_A
img_008952,cell_A
img_002367,cell_B
img_013440,cell_C
img_008360,cell_D
img_007032,cell_C
img_008138,cell_F
img_016834,cell_B
img_010462,cell_C
img_014885,cell_B
img_011344,cell_A
img_006102,cell_B
img_001358,cell_B
img_004011,cell_F
img_016233,cell_F
img_009700,cell_B
img_003516,cell_C
img_010845,cell_G
img_011337,cell_D
img_016395,cell_A
img_014619,cell_C
img_014125,cell_B
img_003455,cell_F
img_008943,cell_F
img_006652,cell_E
img_000946,cell_F
img_016827,cell_F
img_001843,cell_B
img_005843,cell_G
img_011910,cell_B
img_001810,cell_H
img_004100,cell_A
img_002089,cell_G
img_014299,cell_B
img_007276,cell_G
img_009057,cell_A
img_010099,cell_D
img_016521,cell_D
img_003506,cell_C
img_017017,cell_F
img_005346,cell_A
img_016509,cell_D
img_012618,cell_D
img_010773,cell_A
img_010764,cell_H
img_015791,cell_D
img_009345,cell_D
img_004770,cell_F
img_015856,cell_E
img_009373,cell_A
img_010335,cell_C
img_008061,cell_B
img_011295,cell_F
img_004230,cell_A
img_003214,cell_B
img_005170,cell_G
img_010479,cell_B
img_001103,cell_C
img_002794,cell_A
img_011232,cell_A
img_002703,cell_G
img_001758,cell_A
img_001304,cell_C
img_006578,cell_H
img_013446,cell_D
img_001609,cell_F
img_016817,cell_E
img_006672,cell_G
img_002988,cell_A
img_009922,cell_H
img_004370,cell_F
img_003079,cell_G
img_000634,cell_F
img_006889,cell_D
img_000820,cell_F
img_003071,cell_D
img_003934,cell_H
img_015701,cell_H
img_005088,cell_A
img_002649,cell_H
img_010198,cell_C
img_006633,cell_B
img_007761,cell_D
img_010506,cell_A
img_010611,cell_D
img_007108,cell_F
img_009567,cell_H
img_007322,cell_B
img_002648,cell_D
img_002226,cell_B
img_005992,cell_B
img_013772,cell_B
img_001233,cell_H
img_002763,cell_C
img_003128,cell_B
img_008145,cell_E
img_003158,cell_H
img_012483,cell_D
img_012694,cell_G
img_001301,cell_D
img_004413,cell_F
img_002035,cell_F
img_014088,cell_F
img_015533,cell_F
img_004913,cell_H
img_001804,cell_C
img_001482,cell_G
img_004053,cell_C
img_011525,cell_D
img_007285,cell_H
img_012792,cell_F
img_006560,cell_H
img_005798,cell_C
img_010786,cell_B
img_004970,cell_D
img_009524,cell_E
img_015619,cell_D
img_004516,cell_F
img_004096,cell_C
img_009627,cell_A
img_005169,cell_C
img_008179,cell_G
img_012722,cell_H
img_000136,cell_G
img_009463,cell_H
img_013954,cell_H
img_009502,cell_H
img_011679,cell_E
img_012117,cell_F
img_004531,cell_D
img_013381,cell_F
img_001524,cell_H
img_013330,cell_C
img_011671,cell_A
img_000406,cell_A
img_003731,cell_A
img_006430,cell_C
img_012306,cell_F
img_010693,cell_A
img_016329,cell_C
img_000628,cell_F
img_004592,cell_C
img_015949,cell_C
img_006830,cell_F
img_007208,cell_F
img_005968,cell_A
img_003207,cell_B
img_001082,cell_G
img_005298,cell_C
img_016561,cell_F
img_012870,cell_B
img_012437,cell_D
img_016934,cell_D
img_016010,cell_B
img_005725,cell_D
img_007702,cell_A
img_004029,cell_G
img_009031,cell_D
img_010131,cell_B
img_008636,cell_C
img_005716,cell_G
img_003352,cell_F
img_006046,cell_D
img_013731,cell_E
img_014893,cell_H
img_006831,cell_C
img_003988,cell_B
img_005366,cell_D
img_008987,cell_G
img_009767,cell_C
img_002107,cell_H
img_011707,cell_D
img_000611,cell_C
img_008470,cell_F
img_013997,cell_C
img_004754,cell_A
img_000719,cell_A
img_001045,cell_H
img_016787,cell_C
img_004732,cell_F
img_015415,cell_A
img_009101,cell_B
img_004227,cell_E
img_001481,cell_A
img_011837,cell_C
img_010021,cell_D
img_017038,cell_F
img_013789,cell_F
img_007144,cell_E
img_003829,cell_C
img_007684,cell_E
img_009105,cell_B
img_008950,cell_H
img_001081,cell_A
img_015972,cell_A
img_013040,cell_C
img_000983,cell_H
img_006881,cell_F
img_009495,cell_F
img_002580,cell_C
img_011234,cell_F
img_016535,cell_H
img_008062,cell_C
img_012138,cell_A
img_012992,cell_E
img_006897,cell_F
img_001909,cell_D
img_008592,cell_A
img_015180,cell_B
img_009726,cell_G
img_016530,cell_A
img_012894,cell_A
img_001197,cell_G
img_016804,cell_B
img_012477,cell_G
img_015678,cell_H
img_013497,cell_B
img_014532,cell_F
img_002730,cell_B
img_014628,cell_H
img_014573,cell_F
img_013436,cell_A
img_010347,cell_A
img_008380,cell_F
img_006484,cell_A
img_003235,cell_A
img_002297,cell_D
img_012904,cell_B
img_014789,cell_F
img_015023,cell_B
img_009540,cell_C
img_010951,cell_G
img_010634,cell_A
img_008319,cell_H
img_002783,cell_F
img_015025,cell_H
img_013219,cell_C
img_001760,cell_F
img_002165,cell_E
img_006028,cell_B
img_008817,cell_B
img_014902,cell_G
img_016926,cell_A
img_007487,cell_F
img_009219,cell_C
img_016053,cell_D
img_009571,cell_E
img_013487,cell_A
img_010692,cell_C
img_003377,cell_F
img_014463,cell_C
img_007215,cell_E
img_010956,cell_C
img_015521,cell_C
img_002766,cell_F
img_002442,cell_F
img_003874,cell_C
img_006188,cell_F
img_011719,cell_C
img_001659,cell_B
img_011224,cell_C
img_011710,cell_A
img_010696,cell_C
img_006984,cell_A
img_003694,cell_H
img_006766,cell_D
img_008281,cell_F
img_007499,cell_F
img_008631,cell_A
img_009350,cell_F
img_013389,cell_G
img_014618,cell_B
img_000362,cell_A
img_013831,cell_B
img_014534,cell_D
img_013853,cell_B
img_005690,cell_B
img_012654,cell_B
img_013010,cell_D
img_013550,cell_C
img_011776,cell_F
img_012418,cell_D
img_006121,cell_C
img_015787,cell_E
img_003792,cell_E
img_006198,cell_B
img_002179,cell_H
img_013679,cell_G
img_008825,cell_A
img_006011,cell_B
img_008238,cell_C
img_000612,cell_G
img_012568,cell_C
img_009095,cell_G
img_000283,cell_C
img_015582,cell_D
img_016290,cell_A
img_002592,cell_C
img_002178,cell_G
img_010015,cell_A
img_011672,cell_H
img_000977,cell_B
img_011544,cell_B
img_005057,cell_A
img_004309,cell_A
img_017065,cell_F
img_011508,cell_A
img_012493,cell_B
img_004206,cell_H
img_004600,cell_G
img_009166,cell_H
img_007472,cell_H
img_009175,cell_C
img_005145,cell_D
img_016982,cell_A
img_014258,cell_H
img_008862,cell_H
img_006493,cell_C
img_004940,cell_B
img_006032,cell_H
img_005244,cell_E
img_010896,cell_B
img_015930,cell_C
img_006877,cell_B
img_014483,cell_E
img_002546,cell_H
img_004056,cell_C
img_002601,cell_A
img_000538,cell_A
img_011023,cell_B
img_012609,cell_A
img_002821,cell_G
img_016830,cell_A
img_014598,cell_F
img_002655,cell_F
img_009849,cell_D
img_001990,cell_H
img_007476,cell_G
img_009239,cell_C
img_003954,cell_F
img_010774,cell_C
img_000873,cell_D
img_013325,cell_D
img_001571,cell_B
img_012949,cell_C
img_015843,cell_C
img_006673,cell_A
img_007038,cell_C
img_001321,cell_A
img_003861,cell_A
img_010907,cell_H
img_010728,cell_F
img_012603,cell_G
img_011965,cell_A
img_014724,cell_D
img_004505,cell_A
img_005010,cell_B
img_017006,cell_A
img_005299,cell_E
img_001691,cell_H
img_010772,cell_C
img_001914,cell_F
img_001962,cell_F
img_004085,cell_C
img_006062,cell_C
img_003826,cell_E
img_001109,cell_A
img_005203,cell_A
img_013353,cell_E
img_012893,cell_C
img_007230,cell_G
img_009023,cell_A
img_006637,cell_H
img_004470,cell_B
img_006076,cell_A
img_011925,cell_F
img_013359,cell_D
img_016330,cell_D
img_001086,cell_A
img_016772,cell_A
img_010816,cell_C
img_016954,cell_H
img_004911,cell_E
img_010438,cell_C
img_008937,cell_C
img_005204,cell_B
img_006111,cell_F
img_014866,cell_E
img_005026,cell_H
img_001051,cell_H
img_001106,cell_B
img_000747,cell_C
img_008198,cell_C
img_012263,cell_B
img_005726,cell_G
img_002054,cell_B
img_014364,cell_H
img_004726,cell_G
img_011652,cell_A
img_015066,cell_C
img_013556,cell_B
img_001648,cell_A
img_011252,cell_H
img_013435,cell_C
img_000737,cell_F
img_006930,cell_C
img_002932,cell_C
img_008118,cell_C
img_011393,cell_B
img_001919,cell_B
img_009617,cell_B
img_012583,cell_H
img_007748,cell_F
img_006670,cell_B
img_012071,cell_A
img_009826,cell_F
img_004307,cell_H
img_013806,cell_F
img_009516,cell_C
img_006337,cell_A
img_002733,cell_C
img_010094,cell_C
img_011752,cell_C
img_015253,cell_E
img_008171,cell_F
img_008119,cell_E
img_011731,cell_B
img_016147,cell_G
img_014517,cell_C
img_007789,cell_A
img_009559,cell_H
img_009576,cell_B
img_013658,cell_B
img_014599,cell_A
img_013708,cell_B
img_002151,cell_E
img_016623,cell_C
img_011865,cell_B
img_008302,cell_A
img_004219,cell_C
img_012856,cell_D
img_002781,cell_D
img_007166,cell_C
img_002470,cell_B
img_002788,cell_A
img_001184,cell_A
img_002812,cell_H
img_000733,cell_C
img_008993,cell_F
img_013843,cell_F
img_003424,cell_E
img_006400,cell_D
img_002043,cell_C
img_008691,cell_F
img_013951,cell_F
img_015227,cell_H
img_003627,cell_F
img_008629,cell_D
img_014391,cell_D
img_006597,cell_C
img_016116,cell_G
img_005285,cell_F
img_001689,cell_C
img_009368,cell_B
img_009462,cell_F
img_002535,cell_C
img_015215,cell_C
img_009492,cell_D
img_009598,cell_F
img_017004,cell_F
img_004225,cell_G
img_012934,cell_F
img_010742,cell_C
img_003927,cell_C
img_000291,cell_B
img_007998,cell_E
img_013305,cell_F
img_002723,cell_A
img_007958,cell_F
img_001035,cell_B
img_007301,cell_A
img_009161,cell_A
img_013181,cell_H
img_010275,cell_B
img_007566,cell_F
img_008806,cell_H
img_007005,cell_F
img_013529,cell_B
img_010352,cell_C
img_001198,cell_C
img_001646,cell_C
img_006087,cell_B
img_014381,cell_C
img_009578,cell_C
img_006394,cell_D
img_006655,cell_C
img_011667,cell_C
img_016748,cell_F
img_009056,cell_E
img_003550,cell_C
img_014977,cell_E
img_003628,cell_B
img_006347,cell_E
img_005745,cell_A
img_004784,cell_B
img_014644,cell_C
img_002348,cell_F
img_008865,cell_D
img_013210,cell_B
img_008826,cell_C
img_015628,cell_F
img_003463,cell_C
img_010082,cell_C
img_009628,cell_D
img_000614,cell_F
img_016449,cell_C
img_001742,cell_C
img_015391,cell_A
img_013580,cell_H
img_007611,cell_A
img_003054,cell_F
img_004745,cell_A
img_015681,cell_G
img_001151,cell_F
img_010579,cell_B
img_012127,cell_F
img_009713,cell_C
img_013950,cell_A
img_015319,cell_F
img_000090,cell_C
img_010722,cell_D
img_008295,cell_E
img_003654,cell_C
img_012458,cell_C
img_001410,cell_G
img_009038,cell_H
img_006745,cell_H
img_007865,cell_B
img_012178,cell_F
img_002718,cell_B
img_010400,cell_E
img_004686,cell_G
img_003408,cell_C
img_013430,cell_C
img_008164,cell_C
img_002351,cell_G
img_002224,cell_F
img_002536,cell_H
img_004127,cell_H
img_015851,cell_C
img_006460,cell_E
img_007655,cell_B
img_000617,cell_G
img_016022,cell_D
img_009663,cell_F
img_013623,cell_B
img_016130,cell_C
img_016585,cell_C
img_003815,cell_D
img_000954,cell_A
img_013073,cell_C
img_013157,cell_C
img_006151,cell_B
img_008296,cell_A
img_010126,cell_A
img_010601,cell_A
img_006461,cell_H
img_007182,cell_B
img_003355,cell_E
img_014280,cell_F
img_011192,cell_F
img_002772,cell_H
img_002086,cell_D
img_005915,cell_C
img_012370,cell_H
img_010822,cell_A
img_002624,cell_C
img_013516,cell_C
img_015435,cell_C
img_002300,cell_C
img_003687,cell_A
img_009548,cell_A
img_011559,cell_A
img_003534,cell_B
img_011045,cell_F
img_008080,cell_G
img_002378,cell_E
img_008812,cell_F
img_015775,cell_F
img_001065,cell_C
img_010239,cell_E
img_001852,cell_C
img_005597,cell_B
img_000334,cell_C
img_010991,cell_B
img_000457,cell_C
img_014501,cell_D
img_004781,cell_E
img_009183,cell_F
img_008603,cell_B
img_008180,cell_C
img_004066,cell_C
img_014400,cell_A
img_013272,cell_C
img_006027,cell_A
img_012799,cell_B
img_010842,cell_A
img_015559,cell_C
img_009764,cell_A
img_002944,cell_H
img_005063,cell_F
img_009252,cell_B
img_015732,cell_A
img_006308,cell_H
img_011168,cell_E
img_015555,cell_G
img_004253,cell_A
img_016035,cell_B
img_004775,cell_H
img_004343,cell_C
img_004756,cell_F
img_015867,cell_F
img_013500,cell_A
img_003464,cell_B
img_003415,cell_B
img_001683,cell_C
img_015623,cell_E
img_014128,cell_C
img_012296,cell_A
img_015375,cell_B
img_016558,cell_B
img_001533,cell_C
img_015549,cell_F
img_007468,cell_D
img_006115,cell_D
img_008412,cell_F
img_008301,cell_B
img_000786,cell_B
img_000994,cell_A
img_015715,cell_F
img_004755,cell_A
img_015451,cell_B
img_003910,cell_C
img_006274,cell_G
img_002271,cell_F
img_010193,cell_C
img_004919,cell_F
img_012663,cell_B
img_011512,cell_B
img_014616,cell_E
img_007527,cell_B
img_000482,cell_C
img_002635,cell_F
img_016477,cell_A
img_009130,cell_B
img_011820,cell_F
img_004783,cell_B
img_009329,cell_C
img_008292,cell_F
img_014460,cell_C
img_011552,cell_A
img_001108,cell_D
img_000841,cell_B
img_015501,cell_H
img_007176,cell_D
img_016794,cell_B
img_016281,cell_F
img_015682,cell_C
img_004161,cell_A
img_009626,cell_B
img_010003,cell_D
img_010564,cell_B
img_012590,cell_B
img_002912,cell_F
img_002446,cell_A
img_002810,cell_B
img_011263,cell_H
img_016680,cell_G
img_004336,cell_A
img_012671,cell_D
img_015973,cell_E
img_008617,cell_C
img_005077,cell_G
img_014082,cell_F
img_001031,cell_D
img_006706,cell_E
img_002057,cell_C
img_013113,cell_C
img_007129,cell_B
img_015315,cell_C
img_010596,cell_C
img_003559,cell_D
img_016752,cell_F
img_005341,cell_C
img_012273,cell_D
img_015845,cell_B
img_010857,cell_F
img_012796,cell_D
img_006407,cell_G
img_016092,cell_F
img_010377,cell_H
img_002755,cell_D
img_015166,cell_D
img_003665,cell_D
img_002084,cell_H
img_002558,cell_B
img_011200,cell_F
img_010686,cell_C
img_005701,cell_C
img_014307,cell_H
img_010349,cell_E
img_010654,cell_C
img_015104,cell_C
img_006738,cell_A
img_013267,cell_B
img_006264,cell_B
img_000595,cell_A
img_002895,cell_F
img_004204,cell_B
img_009716,cell_H
img_014779,cell_F
img_004677,cell_F
img_003444,cell_B
img_011830,cell_B
img_012190,cell_A
img_015308,cell_H
img_001917,cell_A
img_005598,cell_C
img_002273,cell_A
img_004103,cell_B
img_002834,cell_A
img_016643,cell_F
img_016470,cell_B
img_005258,cell_C
img_002836,cell_B
img_010336,cell_B
img_005534,cell_B
img_008463,cell_E
img_008043,cell_B
img_009845,cell_E
img_008450,cell_B
img_016865,cell_C
img_015906,cell_A
img_008711,cell_H
img_014908,cell_G
img_003398,cell_A
img_014250,cell_C
img_007056,cell_C
img_009901,cell_F
img_012012,cell_F
img_012301,cell_E
img_010591,cell_C
img_013673,cell_A
img_005612,cell_B
img_004249,cell_H
img_008512,cell_C
img_004801,cell_D
img_015920,cell_H
img_006990,cell_D
img_014729,cell_F
img_006015,cell_A
img_008122,cell_F
img_012468,cell_D
img_001724,cell_F
img_011929,cell_H
img_004059,cell_F
img_013606,cell_F
img_009131,cell_B
img_003118,cell_C
img_013716,cell_E
img_004559,cell_A
img_004259,cell_H
img_002314,cell_A
img_003583,cell_F
img_001862,cell_A
img_000422,cell_A
img_010178,cell_B
img_015667,cell_G
img_000937,cell_H
img_004319,cell_F
img_009829,cell_F
img_010044,cell_C
img_010170,cell_E
img_016721,cell_B
img_005858,cell_F
img_004763,cell_F
img_007390,cell_F
img_003135,cell_E
img_015126,cell_D
img_013332,cell_H
img_004318,cell_F
img_002166,cell_D
img_005210,cell_C
img_014136,cell_F
img_011259,cell_E
img_005673,cell_A
img_014539,cell_F
img_000629,cell_C
img_011855,cell_F
img_013161,cell_E
img_000685,cell_C
img_000486,cell_C
img_006717,cell_H
img_009246,cell_A
img_012033,cell_G
img_002411,cell_C
img_016126,cell_C
img_011878,cell_C
img_011659,cell_H
img_000079,cell_E
img_006501,cell_A
img_003998,cell_A
img_012705,cell_C
img_016796,cell_C
img_011326,cell_B
img_010075,cell_C
img_002418,cell_A
img_011338,cell_D
img_012795,cell_C
img_014633,cell_F
img_000268,cell_A
img_014652,cell_D
img_012341,cell_E
img_006180,cell_C
img_016118,cell_H
img_016177,cell_F
img_005352,cell_A
img_015551,cell_D
img_013870,cell_F
img_002428,cell_C
img_014103,cell_D
img_010092,cell_B
img_000778,cell_D
img_002109,cell_D
img_010076,cell_F
img_004762,cell_D
img_010527,cell_F
img_001526,cell_F
img_013981,cell_B
img_015697,cell_F
img_004787,cell_H
img_011163,cell_C
img_003578,cell_B
img_007255,cell_G
img_009292,cell_A
img_009094,cell_B
img_000933,cell_C
img_012052,cell_G
img_011040,cell_H
img_011102,cell_H
img_005128,cell_F
img_001430,cell_B
img_001925,cell_C
img_012046,cell_C
img_012575,cell_C
img_010385,cell_D
img_003211,cell_C
img_012107,cell_B
img_014301,cell_A
img_016915,cell_D
img_007665,cell_C
img_012994,cell_C
img_002082,cell_B
img_004811,cell_B
img_006235,cell_G
img_015039,cell_E
img_012791,cell_B
img_007657,cell_H
img_012503,cell_A
img_001296,cell_C
img_010943,cell_D
img_013486,cell_C
img_000767,cell_E
img_001755,cell_F
img_008084,cell_D
img_002612,cell_H
img_010883,cell_A
img_000152,cell_F
img_000150,cell_B
img_007854,cell_C
img_001473,cell_G
img_004739,cell_A
img_011029,cell_H
img_011015,cell_B
img_001564,cell_C
img_005632,cell_C
img_009653,cell_C
img_006373,cell_F
img_016503,cell_C
img_006700,cell_C
img_004728,cell_C
img_005471,cell_G
img_015824,cell_C
img_006081,cell_F
img_000061,cell_C
img_000876,cell_G
img_015059,cell_B
img_008097,cell_D
img_016824,cell_B
img_011135,cell_A
img_012960,cell_A
img_007018,cell_F
img_003675,cell_B
img_001548,cell_E
img_010949,cell_F
img_010588,cell_C
img_016723,cell_C
img_006454,cell_E
img_007963,cell_H
img_015526,cell_G
img_000117,cell_F
img_014554,cell_C
img_009120,cell_E
img_013964,cell_F
img_001353,cell_B
img_011714,cell_A
img_001010,cell_F
img_005897,cell_C
img_009432,cell_C
img_003470,cell_A
img_004335,cell_A
img_004263,cell_F
img_008630,cell_B
img_006138,cell_F
img_005778,cell_F
img_013910,cell_D
img_014570,cell_C
img_007986,cell_B
img_006116,cell_C
img_016975,cell_D
img_000542,cell_A
img_002941,cell_B
img_002079,cell_G
img_008125,cell_F
img_003781,cell_D
img_003605,cell_E
img_010342,cell_C
img_010688,cell_B
img_010706,cell_E
img_012556,cell_B
img_011459,cell_A
img_002696,cell_B
img_009226,cell_E
img_014738,cell_B
img_015615,cell_F
img_005001,cell_D
img_008103,cell_B
img_015630,cell_H
img_015210,cell_B
img_011381,cell_A
img_004222,cell_E
img_009487,cell_A
img_015022,cell_E
img_001644,cell_F
img_015537,cell_G
img_001146,cell_B
img_009286,cell_B
img_010948,cell_B
img_009208,cell_F
img_000256,cell_D
img_004984,cell_C
img_012016,cell_E
img_004270,cell_B
img_006886,cell_C
img_002333,cell_F
img_010459,cell_F
img_014405,cell_C
img_012462,cell_B
img_001881,cell_H
img_009856,cell_H
img_000555,cell_B
img_015978,cell_C
img_004274,cell_A
img_004544,cell_E
img_005704,cell_B
img_003446,cell_D
img_005713,cell_F
img_003102,cell_C
img_010565,cell_B
img_009770,cell_F
img_013368,cell_A
img_016217,cell_G
img_011594,cell_G
img_008550,cell_A
img_001028,cell_B
img_011958,cell_D
img_009077,cell_H
img_008999,cell_F
img_011341,cell_C
img_015769,cell_A
img_000650,cell_A
img_016180,cell_B
img_008606,cell_F
img_014687,cell_H
img_011963,cell_H
img_008989,cell_E
img_005060,cell_F
img_003313,cell_C
img_002985,cell_F
img_014210,cell_A
img_011537,cell_C
img_003333,cell_H
img_001061,cell_G
img_009241,cell_A
img_005833,cell_A
img_005042,cell_G
img_010782,cell_B
img_004379,cell_F
img_010101,cell_F
img_007189,cell_C
img_001617,cell_E
img_005631,cell_F
img_011443,cell_A
img_012514,cell_H
img_009733,cell_F
img_009316,cell_A
img_007855,cell_B
img_010301,cell_D
img_005474,cell_E
img_008344,cell_D
img_004844,cell_A
img_004843,cell_F
img_009825,cell_C
img_014063,cell_D
img_007864,cell_C
img_011264,cell_H
img_005692,cell_B
img_007951,cell_H
img_011755,cell_E
img_005512,cell_F
img_004316,cell_B
img_011014,cell_B
img_013158,cell_B
img_012730,cell_H
img_011780,cell_C
img_015393,cell_A
img_014350,cell_G
img_003198,cell_A
img_003584,cell_B
img_013763,cell_C
img_001621,cell_G
img_012736,cell_D
img_005663,cell_G
img_005853,cell_A
img_014310,cell_B
img_005531,cell_G
img_015689,cell_C
img_003906,cell_B
img_003245,cell_B
img_016539,cell_B
img_006541,cell_F
img_016841,cell_B
img_009093,cell_E
img_008420,cell_C
img_006888,cell_A
img_016589,cell_D
img_016949,cell_C
img_001620,cell_A
img_014569,cell_F
img_001093,cell_F
img_008205,cell_F
img_001777,cell_A
img_006862,cell_H
img_013214,cell_C
img_016262,cell_F
img_013240,cell_F
img_007095,cell_H
img_016438,cell_A
img_015609,cell_E
img_003390,cell_C
img_014950,cell_F
img_017086,cell_C
img_003652,cell_C
img_013744,cell_H
img_000120,cell_B
img_008386,cell_H
img_010263,cell_B
img_002554,cell_C
img_014659,cell_B
img_015888,cell_G
img_013058,cell_B
img_015640,cell_A
img_010150,cell_A
img_008482,cell_A
img_011957,cell_E
img_014917,cell_C
img_000664,cell_F
img_016311,cell_B
img_008974,cell_F
img_011237,cell_A
img_000726,cell_F
img_011440,cell_D
img_015753,cell_F
img_005320,cell_B
img_008023,cell_C
img_000462,cell_E
img_010088,cell_F
img_014087,cell_D
img_012485,cell_D
img_003797,cell_C
img_016171,cell_D
img_016512,cell_G
img_012010,cell_E
img_015923,cell_C
img_008088,cell_A
img_008231,cell_B
img_011436,cell_C
img_014914,cell_B
img_012928,cell_A
img_006112,cell_A
img_007765,cell_A
img_007338,cell_B
img_006147,cell_C
img_007235,cell_B
img_001791,cell_A
img_005378,cell_D
img_003393,cell_H
img_009068,cell_D
img_013828,cell_C
img_011649,cell_H
img_011038,cell_B
img_002925,cell_A
img_008804,cell_E
img_008905,cell_H
img_001587,cell_A
img_004405,cell_G
img_000271,cell_G
img_001063,cell_D
img_004666,cell_H
img_001289,cell_A
img_008111,cell_B
img_010633,cell_B
img_002949,cell_G
img_010532,cell_B
img_014704,cell_A
img_015348,cell_B
img_005324,cell_H
img_007867,cell_A
img_002667,cell_F
img_012378,cell_C
img_015432,cell_A
img_010122,cell_B
img_003806,cell_C
img_007883,cell_F
img_005963,cell_F
img_016970,cell_F
img_016504,cell_B
img_016128,cell_F
img_004402,cell_C
img_011801,cell_A
img_007293,cell_B
img_011703,cell_A
img_005023,cell_A
img_016814,cell_D
img_013278,cell_A
img_005993,cell_B
img_016852,cell_A
img_017022,cell_H
img_016595,cell_A
img_009646,cell_B
img_013411,cell_C
img_007358,cell_G
img_011571,cell_E
img_003715,cell_D
img_002559,cell_D
img_012754,cell_C
img_009681,cell_A
img_012123,cell_A
img_016412,cell_B
img_005152,cell_B
img_007821,cell_F
img_013196,cell_B
img_007549,cell_H
img_016890,cell_C
img_015517,cell_F
img_006988,cell_B
img_008902,cell_D
img_016691,cell_E
img_004071,cell_D
img_004555,cell_C
img_016377,cell_H
img_015019,cell_G
img_004040,cell_H
img_014180,cell_G
img_005381,cell_F
img_010191,cell_F
img_012622,cell_F
img_005079,cell_B
img_014931,cell_H
img_008216,cell_A
img_001205,cell_E
img_003416,cell_G
img_017025,cell_H
img_013845,cell_A
img_004345,cell_G
img_011997,cell_A
img_010758,cell_B
img_003972,cell_H
img_004848,cell_C
img_000656,cell_F
img_014457,cell_A
img_011641,cell_F
img_015953,cell_A
img_000534,cell_G
img_005589,cell_A
img_007330,cell_B
img_000995,cell_F
img_011049,cell_A
img_006469,cell_F
img_003462,cell_H
img_000124,cell_G
img_014646,cell_F
img_008384,cell_C
img_010645,cell_D
img_010137,cell_A
img_010852,cell_F
img_004148,cell_G
img_000321,cell_D
img_008749,cell_A
img_014329,cell_B
img_003717,cell_B
img_012995,cell_C
img_007541,cell_F
img_005438,cell_F
img_012302,cell_B
img_003130,cell_E
img_001542,cell_A
img_009250,cell_A
img_002290,cell_C
img_005487,cell_C
img_007048,cell_B
img_016490,cell_C
img_015015,cell_F
img_011930,cell_A
img_015062,cell_C
img_014979,cell_C
img_003574,cell_H
img_004195,cell_B
img_003049,cell_A
img_009491,cell_A
img_011421,cell_G
img_007321,cell_G
img_000195,cell_A
img_001391,cell_A
img_007830,cell_A
img_002427,cell_A
img_005538,cell_B
img_006851,cell_H
img_003277,cell_A
img_012768,cell_A
img_013814,cell_B
img_004375,cell_G
img_008622,cell_C
img_007664,cell_F
img_016006,cell_B
img_006593,cell_C
img_011365,cell_A
img_001945,cell_G
img_010641,cell_C
img_012444,cell_F
img_007961,cell_G
img_013071,cell_E
img_001569,cell_E
img_007282,cell_G
img_012352,cell_B
img_014003,cell_A
img_006574,cell_F
img_005379,cell_C
img_006657,cell_F
img_009508,cell_B
img_000173,cell_D
img_016742,cell_A
img_001053,cell_A
img_015290,cell_A
img_009104,cell_A
img_008757,cell_F
img_005553,cell_B
img_016045,cell_D
img_006482,cell_D
img_001124,cell_C
img_016334,cell_A
img_016054,cell_D
img_002600,cell_E
img_013249,cell_D
img_003440,cell_C
img_004283,cell_F
img_012042,cell_H
img_013600,cell_A
img_014447,cell_F
img_001860,cell_E
img_012270,cell_B
img_003116,cell_D
img_005654,cell_D
img_014450,cell_F
img_007150,cell_B
img_009807,cell_F
img_015137,cell_F
img_012544,cell_F
img_011090,cell_D
img_014564,cell_G
img_008218,cell_B
img_001565,cell_A
img_001572,cell_A
img_001174,cell_C
img_004328,cell_F
img_012979,cell_A
img_015927,cell_B
img_009933,cell_A
img_001666,cell_A
img_003823,cell_F
img_000408,cell_B
img_012817,cell_A
img_008254,cell_E
img_009082,cell_A
img_008174,cell_C
img_002839,cell_A
img_009854,cell_F
img_007863,cell_H
img_007573,cell_D
img_000027,cell_B
img_011386,cell_B
img_008099,cell_F
img_004668,cell_H
img_016768,cell_F
img_012516,cell_E
img_002414,cell_C
img_008002,cell_G
img_000514,cell_A
img_001312,cell_B
img_015749,cell_B
img_004048,cell_H
img_016373,cell_A
img_012322,cell_F
img_004820,cell_A
img_002310,cell_F
img_005885,cell_C
img_008328,cell_C
img_005048,cell_D
img_006658,cell_E
img_016190,cell_B
img_008014,cell_E
img_004859,cell_F
img_007873,cell_G
img_002823,cell_C
img_008882,cell_D
img_008275,cell_E
img_006622,cell_C
img_000402,cell_G
img_001156,cell_G
img_010557,cell_D
img_008244,cell_H
img_001415,cell_A
img_009194,cell_F
img_010603,cell_D
img_014631,cell_C
img_002882,cell_G
img_002841,cell_D
img_001270,cell_A
img_011607,cell_F
img_013271,cell_C
img_015889,cell_D
img_004207,cell_A
img_005873,cell_C
img_015471,cell_D
img_015835,cell_G
img_014153,cell_C
img_007896,cell_E
img_016231,cell_H
img_003785,cell_F
img_014175,cell_E
img_003413,cell_B
img_007387,cell_G
img_003523,cell_F
img_014780,cell_B
img_004342,cell_F
img_014561,cell_B
img_010359,cell_E
img_015499,cell_C
img_014445,cell_F
img_007261,cell_D
img_012109,cell_F
img_011291,cell_E
img_009666,cell_H
img_001576,cell_C
img_006916,cell_B
img_004380,cell_F
img_014899,cell_H
img_015296,cell_F
img_015202,cell_C
img_011085,cell_D
img_011458,cell_B
img_012019,cell_A
img_004393,cell_F
img_000131,cell_D
img_000761,cell_C
img_008793,cell_F
img_000508,cell_A
img_011993,cell_B
img_012816,cell_E
img_003770,cell_F
img_007691,cell_E
img_000768,cell_C
img_013160,cell_E
img_013615,cell_F
img_010109,cell_G
img_012396,cell_B
img_015899,cell_A
img_005575,cell_C
img_003702,cell_D
img_014916,cell_C
img_013126,cell_B
img_015855,cell_C
img_000114,cell_B
img_001695,cell_F
img_013786,cell_F
img_004139,cell_A
img_016202,cell_C
img_004014,cell_A
img_014188,cell_H
img_008779,cell_D
img_016410,cell_B
img_015462,cell_E
img_008829,cell_A
img_006729,cell_G
img_010215,cell_F
img_001382,cell_A
img_004725,cell_B
img_000976,cell_H
img_001012,cell_E
img_002798,cell_E
img_010399,cell_H
img_013425,cell_C
img_014356,cell_B
img_001835,cell_C
img_009641,cell_C
img_015244,cell_H
img_007065,cell_C
img_000159,cell_G
img_008078,cell_G
img_006614,cell_G
img_010026,cell_A
img_004061,cell_B
img_010940,cell_A
img_009069,cell_C
img_012646,cell_B
img_015173,cell_A
img_004365,cell_A
img_006150,cell_F
img_014439,cell_H
img_016626,cell_F
img_011419,cell_F
img_010121,cell_B
img_007762,cell_F
img_005705,cell_D
img_002181,cell_A
img_015418,cell_F
img_007645,cell_E
img_007431,cell_F
img_001670,cell_G
img_014122,cell_H
img_011836,cell_F
img_016696,cell_B
img_007201,cell_E
img_009266,cell_C
img_010322,cell_F
img_012168,cell_E
img_014055,cell_G
img_006909,cell_F
img_002150,cell_F
img_004997,cell_C
img_006057,cell_C
img_001633,cell_A
img_016226,cell_C
img_008015,cell_B
img_011897,cell_F
img_016431,cell_C
img_013403,cell_E
img_011403,cell_A
img_007742,cell_C
img_002978,cell_G
img_000777,cell_E
img_015525,cell_C
img_000261,cell_B
img_004927,cell_F
img_004872,cell_F
img_014592,cell_E
img_011927,cell_C
img_006329,cell_G
img_006362,cell_E
img_006912,cell_B
img_001723,cell_G
img_010625,cell_C
img_014393,cell_F
img_004438,cell_E
img_003678,cell_C
img_009280,cell_B
img_002792,cell_E
img_011290,cell_F
img_016267,cell_F
img_008072,cell_D
img_007798,cell_E
img_007329,cell_G
img_014939,cell_A
img_003700,cell_A
img_012447,cell_F
img_012683,cell_G
img_011657,cell_C
img_007563,cell_F
img_000388,cell_D
img_009211,cell_B
img_009256,cell_H
img_015727,cell_F
img_012191,cell_A
img_001175,cell_B
img_004052,cell_A
img_013505,cell_D
img_006771,cell_G
img_005864,cell_A
img_013703,cell_F
img_006787,cell_B
img_012204,cell_D
img_016480,cell_C
img_006573,cell_A
img_003855,cell_F
img_004945,cell_G
img_007960,cell_F
img_016931,cell_B
img_007776,cell_F
img_009748,cell_B
img_016439,cell_A
img_005746,cell_D
img_011699,cell_B
img_016404,cell_G
img_013701,cell_H
img_008579,cell_C
img_006266,cell_C
img_008100,cell_B
img_010985,cell_F
img_003065,cell_A
img_003959,cell_B
img_010269,cell_F
img_013982,cell_F
img_005905,cell_A
img_016007,cell_B
img_008169,cell_H
img_014372,cell_F
img_011724,cell_C
img_016363,cell_F
img_013495,cell_F
img_002692,cell_D
img_001790,cell_A
img_006213,cell_C
img_005276,cell_B
img_015271,cell_E
img_003810,cell_F
img_009939,cell_F
img_011410,cell_D
img_011308,cell_C
img_015776,cell_C
img_001885,cell_F
img_003080,cell_A
img_014026,cell_A
img_009225,cell_D
img_014406,cell_F
img_002913,cell_H
img_002070,cell_D
img_001705,cell_F
img_004886,cell_C
img_012292,cell_B
img_008551,cell_D
img_014140,cell_C
img_011408,cell_A
img_009245,cell_C
img_001531,cell_F
img_013636,cell_C
img_008530,cell_D
img_010142,cell_F
img_009914,cell_D
img_011807,cell_A
img_006651,cell_E
img_016855,cell_H
img_008623,cell_C
img_015002,cell_B
img_007116,cell_C
img_015925,cell_A
img_015688,cell_B
img_002940,cell_A
img_012339,cell_G
img_012862,cell_H
img_008556,cell_F
img_007268,cell_H
img_000201,cell_C
img_005259,cell_C
img_009687,cell_C
img_012320,cell_F
img_008700,cell_B
img_008472,cell_G
img_010374,cell_C
img_002623,cell_B
img_008968,cell_G
img_010738,cell_D
img_004587,cell_H
img_014755,cell_C
img_012288,cell_A
img_010429,cell_C
img_014551,cell_B
img_007775,cell_B
img_008945,cell_A
img_006966,cell_G
img_003384,cell_A
img_013481,cell_D
img_008626,cell_F
img_000692,cell_F
img_001859,cell_G
img_011593,cell_H
img_006352,cell_D
img_004244,cell_C
img_000749,cell_A
img_011792,cell_H
img_011610,cell_B
img_010220,cell_F
img_003967,cell_H
img_009428,cell_E
img_010401,cell_A
img_004683,cell_F
img_002292,cell_B
img_003227,cell_A
img_015703,cell_B
img_002663,cell_C
img_012170,cell_C
img_005552,cell_E
img_008347,cell_C
img_016094,cell_D
img_006356,cell_B
img_007894,cell_B
img_012246,cell_B
img_008009,cell_D
img_004349,cell_B
img_008248,cell_C
img_000460,cell_E
img_014002,cell_H
img_012726,cell_H
img_013239,cell_E
img_005944,cell_D
img_004880,cell_A
img_006532,cell_B
img_010799,cell_A
img_013916,cell_C
img_004736,cell_B
img_016228,cell_F
img_002209,cell_H
img_010595,cell_A
img_012518,cell_A
img_004907,cell_F
img_015498,cell_F
img_008544,cell_F
img_011795,cell_C
img_000784,cell_G
img_010321,cell_E
img_012067,cell_E
img_000471,cell_A
img_008098,cell_C
img_005965,cell_C
img_009471,cell_C
img_012009,cell_E
img_011380,cell_F
img_003246,cell_C
img_010166,cell_D
img_010872,cell_D
img_004920,cell_B
img_007313,cell_C
img_009500,cell_B
img_005215,cell_B
img_004767,cell_F
img_003239,cell_F
img_011101,cell_A
img_007291,cell_F
img_014944,cell_E
img_012025,cell_C
img_005357,cell_F
img_010308,cell_C
img_014786,cell_E
img_010781,cell_E
img_011374,cell_H
img_004661,cell_H
img_012520,cell_A
img_000577,cell_G
img_001653,cell_B
img_010478,cell_A
img_015809,cell_H
img_001818,cell_G
img_012814,cell_H
img_009966,cell_A
img_011944,cell_H
img_008908,cell_B
img_011595,cell_B
img_000974,cell_G
img_009683,cell_C
img_008594,cell_A
img_002493,cell_C
img_008951,cell_B
img_002968,cell_A
img_004719,cell_C
img_009144,cell_D
img_000540,cell_C
img_007242,cell_B
img_011496,cell_C
img_009415,cell_C
img_009173,cell_C
img_005757,cell_A
img_011793,cell_F
img_003658,cell_H
img_012037,cell_G
img_013370,cell_A
img_016793,cell_E
img_004082,cell_H
img_005429,cell_G
img_009603,cell_B
img_004891,cell_B
img_012944,cell_B
img_012794,cell_D
img_014107,cell_C
img_015009,cell_H
img_008381,cell_B
img_006807,cell_F
img_001211,cell_C
img_000411,cell_E
img_000942,cell_C
img_010893,cell_C
img_006234,cell_B
img_014594,cell_D
img_002499,cell_F
img_012926,cell_G
img_013526,cell_C
img_011120,cell_E
img_007529,cell_F
img_001528,cell_F
img_013734,cell_C
img_000545,cell_A
img_015882,cell_C
img_001007,cell_C
img_001731,cell_D
img_003850,cell_E
img_010592,cell_F
img_014138,cell_G
img_001600,cell_A
img_005286,cell_D
img_001117,cell_C
img_015336,cell_A
img_004236,cell_B
img_012316,cell_G
img_005012,cell_C
img_015293,cell_F
img_002588,cell_C
img_000698,cell_B
img_002919,cell_B
img_000945,cell_E
img_012635,cell_A
img_000626,cell_H
img_009185,cell_G
img_012277,cell_E
img_005933,cell_C
img_012868,cell_F
img_004008,cell_D
img_006796,cell_E
img_015397,cell_F
img_013578,cell_C
img_015214,cell_B
img_006343,cell_E
img_007073,cell_A
img_009509,cell_A
img_014683,cell_C
img_009336,cell_C
img_009287,cell_D
img_011173,cell_D
img_009383,cell_F
img_003514,cell_A
img_001066,cell_B
img_012927,cell_G
img_014170,cell_A
img_016462,cell_E
img_011612,cell_C
img_008355,cell_E
img_002185,cell_A
img_014443,cell_A
img_013736,cell_B
img_014988,cell_A
img_000465,cell_G
img_005123,cell_A
img_001288,cell_G
img_011515,cell_G
img_015216,cell_C
img_012166,cell_C
img_002105,cell_A
img_007536,cell_C
img_014217,cell_B
img_000604,cell_A
img_003257,cell_F
img_011911,cell_F
img_001404,cell_C
img_004694,cell_H
img_016876,cell_A
img_014160,cell_C
img_015575,cell_B
img_011068,cell_H
img_005674,cell_F
img_004292,cell_E
img_005089,cell_C
img_011409,cell_B
img_002305,cell_A
img_007795,cell_F
img_016384,cell_C
img_009898,cell_C
img_013766,cell_C
img_001138,cell_F
img_009371,cell_C
img_001849,cell_F
img_011634,cell_C
img_012182,cell_A
img_009897,cell_F
img_001476,cell_D
img_010513,cell_C
img_010490,cell_H
img_015556,cell_D
img_013747,cell_C
img_000188,cell_F
img_002492,cell_C
img_001550,cell_C
img_017047,cell_C
img_013804,cell_D
img_008451,cell_C
img_006177,cell_H
img_003529,cell_A
img_016697,cell_H
img_014256,cell_F
img_001359,cell_F
img_013054,cell_E
img_002313,cell_F
img_003081,cell_B
img_003858,cell_B
img_005025,cell_C
img_005797,cell_E
img_000935,cell_G
img_015940,cell_D
img_008485,cell_C
img_009622,cell_B
img_015557,cell_E
img_008505,cell_F
img_011103,cell_A
img_012231,cell_B
img_016913,cell_F
img_005205,cell_G
img_016280,cell_B
img_002911,cell_H
img_012600,cell_E
img_003027,cell_H
img_006506,cell_D
img_003223,cell_A
img_004434,cell_C
img_016294,cell_G
img_011606,cell_F
img_008095,cell_C
img_006703,cell_E
img_010108,cell_C
img_011469,cell_B
img_002347,cell_D
img_000129,cell_C
img_006106,cell_G
img_011688,cell_B
img_008197,cell_D
img_002627,cell_B
img_011420,cell_B
img_004468,cell_A
img_005190,cell_H
img_014717,cell_H
img_004257,cell_D
img_013001,cell_A
img_001793,cell_C
img_015008,cell_G
img_012629,cell_B
img_013759,cell_A
img_002325,cell_F
img_006559,cell_C
img_012236,cell_G
img_014027,cell_C
img_016686,cell_F
img_012823,cell_F
img_003466,cell_F
img_016957,cell_D
img_015512,cell_B
img_004951,cell_F
img_014194,cell_D
img_016225,cell_H
img_013570,cell_B
img_001401,cell_D
img_006962,cell_B
img_015010,cell_D
img_002010,cell_B
img_014710,cell_C
img_014277,cell_A
img_002898,cell_C
img_004596,cell_C
img_012782,cell_F
img_016682,cell_C
img_002969,cell_A
img_003137,cell_C
img_006765,cell_A
img_014919,cell_C
img_003556,cell_A
img_013432,cell_C
img_015248,cell_B
img_014721,cell_A
img_004870,cell_F
img_004691,cell_B
img_015653,cell_B
img_013659,cell_C
img_008971,cell_C
img_003234,cell_B
img_015935,cell_C
img_011195,cell_C
img_010430,cell_A
img_006940,cell_G
img_001771,cell_E
img_012144,cell_B
img_013475,cell_F
img_006157,cell_C
img_006412,cell_B
img_012625,cell_F
img_012084,cell_C
img_001150,cell_D
img_016365,cell_A
img_012474,cell_C
img_005811,cell_F
img_002538,cell_C
img_015588,cell_A
img_013899,cell_B
img_007173,cell_C
img_009108,cell_C
img_008541,cell_H
img_004099,cell_A
img_001583,cell_B
img_014473,cell_A
img_005075,cell_C
img_005577,cell_B
img_012287,cell_C
img_006854,cell_B
img_006802,cell_B
img_016066,cell_B
img_009406,cell_A
img_007003,cell_B
img_003069,cell_A
img_003535,cell_E
img_008034,cell_C
img_015176,cell_H
img_007509,cell_F
img_009899,cell_H
img_001784,cell_B
img_014384,cell_D
img_011584,cell_A
img_016351,cell_B
img_015386,cell_F
img_000162,cell_A
img_000879,cell_C
img_015929,cell_A
img_004616,cell_F
img_013419,cell_H
img_005781,cell_C
img_001581,cell_E
img_005942,cell_F
img_009191,cell_A
img_003703,cell_C
img_010323,cell_B
img_009744,cell_D
img_010934,cell_B
img_004810,cell_D
img_004401,cell_E
img_011139,cell_D
img_012290,cell_B
img_008236,cell_F
img_007158,cell_G
img_013760,cell_F
img_001097,cell_A
img_002443,cell_G
img_017020,cell_A
img_006938,cell_E
img_012599,cell_A
img_002475,cell_E
img_003585,cell_G
img_006677,cell_C
img_006656,cell_D
img_015295,cell_C
img_001043,cell_C
img_017011,cell_B
img_011028,cell_F
img_009311,cell_F
img_002012,cell_B
img_013625,cell_F
img_014068,cell_A
img_008698,cell_F
img_005401,cell_H
img_013693,cell_A
img_003345,cell_A
img_000381,cell_F
img_008896,cell_E
img_003276,cell_B
img_006546,cell_C
img_002650,cell_D
img_001022,cell_C
img_000789,cell_A
img_001836,cell_C
img_004931,cell_B
img_013773,cell_C
img_014883,cell_A
img_007092,cell_A
img_010651,cell_A
img_002059,cell_A
img_006720,cell_G
img_011673,cell_B
img_015286,cell_B
img_006038,cell_D
img_002837,cell_D
img_016980,cell_C
img_008453,cell_F
img_003100,cell_C
img_014686,cell_C
img_003385,cell_B
img_009358,cell_H
img_014576,cell_E
img_009307,cell_A
img_013213,cell_B
img_016001,cell_C
img_000715,cell_G
img_008759,cell_A
img_003336,cell_B
img_014868,cell_C
img_004138,cell_F
img_006491,cell_G
img_000292,cell_E
img_009835,cell_H
img_002280,cell_B
img_012492,cell_C
img_006884,cell_D
img_010525,cell_C
img_010032,cell_C
img_000813,cell_B
img_003309,cell_E
img_015240,cell_C
img_012104,cell_F
img_005459,cell_B
img_015362,cell_C
img_011517,cell_F
img_009977,cell_B
img_006743,cell_A
img_001785,cell_F
img_014703,cell_B
img_006297,cell_F
img_007175,cell_C
img_008387,cell_D
img_012937,cell_F
img_014434,cell_F
img_002754,cell_A
img_007832,cell_H
img_002641,cell_E
img_013818,cell_D
img_005392,cell_G
img_001968,cell_A
img_013376,cell_F
img_000871,cell_C
img_016389,cell_A
img_006160,cell_C
img_011975,cell_C
img_002759,cell_A
img_005653,cell_B
img_015993,cell_F
img_004539,cell_F
img_007040,cell_F
img_013327,cell_B
img_001654,cell_B
img_005988,cell_H
img_002594,cell_F
img_002762,cell_C
img_010265,cell_F
img_006789,cell_G
img_008819,cell_B
img_017085,cell_A
img_014985,cell_H
img_003544,cell_H
img_008182,cell_D
img_001041,cell_F
img_013437,cell_A
img_006480,cell_C
img_015917,cell_C
img_000166,cell_B
img_006238,cell_G
img_005609,cell_H
img_012195,cell_B
img_002253,cell_F
img_003154,cell_F
img_016845,cell_F
img_005311,cell_G
img_008719,cell_H
img_009980,cell_D
img_012733,cell_F
img_003595,cell_E
img_003264,cell_B
img_006875,cell_F
img_001960,cell_B
img_012027,cell_C
img_015205,cell_B
img_008577,cell_G
img_011183,cell_B
img_001965,cell_A
img_004448,cell_C
img_007203,cell_C
img_002670,cell_B
img_003152,cell_A
img_002570,cell_C
img_015192,cell_B
img_003025,cell_B
img_007949,cell_H
img_014142,cell_B
img_006173,cell_F
img_016578,cell_F
img_007658,cell_F
img_007209,cell_D
img_008547,cell_C
img_015401,cell_H
img_008599,cell_G
img_009200,cell_C
img_004647,cell_D
img_006951,cell_G
img_004264,cell_C
img_015754,cell_G
img_002722,cell_C
img_008890,cell_D
img_007074,cell_B
img_003138,cell_F
img_013165,cell_B
img_010684,cell_F
img_016493,cell_B
img_016176,cell_A
img_016764,cell_F
img_006170,cell_H
img_001681,cell_B
img_008203,cell_F
img_016496,cell_A
img_001710,cell_C
img_008578,cell_B
img_007210,cell_G
img_011435,cell_D
img_015506,cell_F
img_013005,cell_F
img_015990,cell_B
img_007632,cell_C
img_003192,cell_C
img_008252,cell_F
img_011454,cell_C
img_008162,cell_C
img_009028,cell_D
img_006248,cell_B
img_007497,cell_B
img_004036,cell_F
img_006117,cell_B
img_007878,cell_H
img_006494,cell_C
img_000795,cell_F
img_009420,cell_F
img_012319,cell_C
img_003401,cell_B
img_004291,cell_C
img_015737,cell_C
img_003109,cell_C
img_003304,cell_C
img_008402,cell_C
img_011635,cell_F
img_009391,cell_F
img_009745,cell_H
img_002047,cell_A
img_004323,cell_G
img_016388,cell_D
img_009478,cell_F
img_004362,cell_G
img_015686,cell_D
img_009321,cell_E
img_000019,cell_A
img_013698,cell_G
img_007616,cell_C
img_005510,cell_G
img_015792,cell_D
img_015458,cell_F
img_002888,cell_B
img_005580,cell_B
img_000616,cell_C
img_012560,cell_F
img_014297,cell_A
img_003165,cell_B
img_007372,cell_C
img_000702,cell_B
img_008730,cell_A
img_011255,cell_C
img_005528,cell_B
img_002463,cell_B
img_002162,cell_A
img_004267,cell_E
img_009950,cell_F
img_011213,cell_D
img_016154,cell_F
img_014798,cell_H
img_008274,cell_C
img_002473,cell_A
img_015004,cell_B
img_007465,cell_F
img_001857,cell_H
img_013697,cell_B
img_013681,cell_B
img_014691,cell_B
img_009003,cell_F
img_010613,cell_F
img_010257,cell_C
img_007083,cell_D
img_016717,cell_F
img_001658,cell_H
img_003220,cell_A
img_001536,cell_C
img_002951,cell_A
img_007624,cell_F
img_010606,cell_C
img_009720,cell_F
img_010582,cell_B
img_016420,cell_E
img_000039,cell_E
img_000642,cell_C
img_009418,cell_H
img_003059,cell_B
img_002698,cell_C
img_002412,cell_E
img_006964,cell_C
img_016383,cell_B
img_015108,cell_C
img_012821,cell_A
img_001650,cell_C
img_007978,cell_B
img_012235,cell_A
img_012970,cell_F
img_011942,cell_F
img_010820,cell_E
img_016371,cell_B
img_001019,cell_F
img_013399,cell_C
img_000587,cell_H
img_005966,cell_F
img_010760,cell_H
img_009020,cell_B
img_013233,cell_C
img_016976,cell_C
img_015579,cell_C
img_002176,cell_E
img_010398,cell_C
img_016895,cell_A
img_010466,cell_F
img_008306,cell_A
img_016166,cell_C
img_016200,cell_G
img_009614,cell_F
img_004813,cell_E
img_007698,cell_G
img_009021,cell_B
img_007262,cell_H
img_004415,cell_C
img_014608,cell_B
img_010517,cell_D
img_002483,cell_H
img_011503,cell_A
img_009616,cell_B
img_000797,cell_C
img_015765,cell_B
img_009033,cell_B
img_005634,cell_D
img_011117,cell_C
img_007021,cell_F
img_011473,cell_F
img_006846,cell_G
img_006382,cell_B
img_011167,cell_C
img_007945,cell_B
img_014081,cell_A
img_015595,cell_B
img_009755,cell_A
img_013168,cell_F
img_006296,cell_C
img_007117,cell_F
img_000898,cell_C
img_001604,cell_G
img_002927,cell_C
img_006288,cell_E
img_008898,cell_A
img_003763,cell_B
img_010291,cell_B
img_000914,cell_D
img_004254,cell_H
img_011134,cell_C
img_008832,cell_F
img_006517,cell_F
img_003746,cell_D
img_011499,cell_B
img_009184,cell_F
img_000979,cell_C
img_002266,cell_G
img_002437,cell_F
img_000536,cell_F
img_011280,cell_C
img_004373,cell_C
img_004530,cell_F
img_013012,cell_F
img_014503,cell_A
img_007360,cell_F
img_005697,cell_F
img_013879,cell_B
img_015594,cell_F
img_007901,cell_F
img_004926,cell_C
img_014697,cell_F
img_001910,cell_D
img_000081,cell_D
img_004562,cell_D
img_012565,cell_C
img_013508,cell_G
img_005660,cell_A
img_014313,cell_F
img_007091,cell_D
img_012805,cell_B
img_010584,cell_C
img_013622,cell_G
img_001299,cell_B
img_004178,cell_E
img_008213,cell_E
img_016358,cell_B
img_012308,cell_B
img_004777,cell_H
img_009773,cell_E
img_007876,cell_F
img_004215,cell_E
img_001687,cell_H
img_001173,cell_A
img_002317,cell_D
img_010890,cell_E
img_003791,cell_G
img_008108,cell_E
img_013163,cell_B
img_008516,cell_B
img_012252,cell_A
img_006263,cell_H
img_008432,cell_B
img_017043,cell_C
img_001908,cell_G
img_006698,cell_H
img_002526,cell_B
img_010278,cell_G
img_001189,cell_D
img_013559,cell_C
img_016546,cell_C
img_009071,cell_B
img_013991,cell_C
img_010095,cell_F
img_012080,cell_G
img_017082,cell_H
img_013143,cell_G
img_011434,cell_B
img_013200,cell_C
img_014226,cell_A
img_014671,cell_B
img_009164,cell_B
img_003038,cell_B
img_009729,cell_A
img_001635,cell_H
img_009346,cell_D
img_011080,cell_H
img_003417,cell_E
img_010002,cell_F
img_009423,cell_A
img_003289,cell_C
img_006985,cell_B
img_016866,cell_A
img_002298,cell_D
img_011352,cell_A
img_011570,cell_E
img_009671,cell_C
img_016218,cell_F
img_000877,cell_D
img_014489,cell_C
img_005691,cell_G
img_011961,cell_C
img_009709,cell_C
img_003082,cell_A
img_005872,cell_B
img_000765,cell_H
img_008837,cell_B
img_006945,cell_D
img_015483,cell_C
img_008064,cell_F
img_016640,cell_H
img_004594,cell_H
img_006683,cell_F
img_006756,cell_E
img_010290,cell_B
img_010447,cell_C
img_000094,cell_A
img_007589,cell_H
img_014178,cell_H
img_001880,cell_A
img_005890,cell_E
img_001936,cell_B
img_011922,cell_D
img_014079,cell_C
img_011554,cell_B
img_014507,cell_H
img_004554,cell_A
img_013822,cell_B
img_015339,cell_B
img_012731,cell_E
img_013717,cell_A
img_017037,cell_B
img_007861,cell_H
img_003380,cell_F
img_000750,cell_B
img_014742,cell_C
img_011992,cell_H
img_012812,cell_A
img_003642,cell_C
img_007659,cell_B
img_001027,cell_H
img_012630,cell_F
img_004506,cell_B
img_015043,cell_B
img_008849,cell_B
img_010763,cell_F
img_003368,cell_H
img_007221,cell_H
img_016927,cell_A
img_014836,cell_A
img_007016,cell_C
img_007725,cell_D
img_007451,cell_C
img_013074,cell_E
img_005332,cell_E
img_004277,cell_A
img_002210,cell_C
img_002244,cell_F
img_009756,cell_C
img_011614,cell_F
img_003278,cell_D
img_014614,cell_H
img_005415,cell_C
img_015774,cell_C
img_000112,cell_C
img_010393,cell_F
img_011543,cell_A
img_009983,cell_C
img_008346,cell_F
img_016867,cell_H
img_005410,cell_B
img_002134,cell_C
img_010208,cell_F
img_003076,cell_D
img_000968,cell_C
img_017062,cell_H
img_013256,cell_C
img_004425,cell_D
img_002666,cell_H
img_011030,cell_E
img_013485,cell_B
img_009935,cell_B
img_007481,cell_C
img_012747,cell_F
img_014407,cell_F
img_013655,cell_B
img_000582,cell_C
img_004923,cell_A
img_003006,cell_B
img_011959,cell_A
img_007799,cell_C
img_006981,cell_D
img_002890,cell_A
img_012208,cell_F
img_010545,cell_E
img_000474,cell_F
img_008044,cell_D
img_006908,cell_C
img_005078,cell_F
img_016758,cell_C
img_012183,cell_F
img_013338,cell_G
img_006746,cell_G
img_013443,cell_H
img_012135,cell_H
img_002083,cell_B
img_012222,cell_F
img_009010,cell_A
img_010023,cell_F
img_006051,cell_C
img_000038,cell_B
img_015755,cell_B
img_011656,cell_C
img_009757,cell_A
img_009903,cell_A
img_005514,cell_F
img_010503,cell_F
img_013150,cell_F
img_004464,cell_D
img_000636,cell_H
img_002319,cell_E
img_001351,cell_C
img_005513,cell_C
img_001602,cell_F
img_016799,cell_H
img_006200,cell_G
img_012089,cell_B
img_014037,cell_B
img_000021,cell_E
img_001477,cell_E
img_016940,cell_G
img_012126,cell_F
img_016178,cell_H
img_005938,cell_F
img_016880,cell_A
img_013476,cell_F
img_014673,cell_B
img_001675,cell_G
img_012661,cell_A
img_013859,cell_B
img_005596,cell_B
img_013232,cell_B
img_012011,cell_H
img_010903,cell_C
img_007606,cell_C
img_008673,cell_D
img_010235,cell_C
img_016531,cell_F
img_004361,cell_E
img_004985,cell_F
img_004337,cell_F
img_001218,cell_E
img_010935,cell_F
img_010188,cell_D
img_016923,cell_D
img_006669,cell_G
img_011095,cell_F
img_008354,cell_F
img_008803,cell_B
img_011396,cell_G
img_004076,cell_C
img_012041,cell_A
img_007128,cell_D
img_015132,cell_C
img_001234,cell_B
img_007017,cell_B
img_011277,cell_B
img_012390,cell_C
img_002419,cell_B
img_017056,cell_E
img_012559,cell_C
img_007668,cell_B
img_006645,cell_A
img_016770,cell_A
img_004734,cell_A
img_015150,cell_B
img_004455,cell_F
img_016158,cell_A
img_004095,cell_C
img_011529,cell_E
img_000705,cell_A
img_012593,cell_B
img_014480,cell_A
img_003786,cell_C
img_010339,cell_H
img_014521,cell_G
img_000984,cell_F
img_010590,cell_B
img_002225,cell_F
img_011116,cell_C
img_015361,cell_C
img_016670,cell_F
img_015816,cell_E
img_012919,cell_H
img_003442,cell_A
img_016654,cell_F
img_009869,cell_F
img_001384,cell_F
img_014154,cell_B
img_002377,cell_C
img_015356,cell_C
img_002144,cell_C
img_002114,cell_E
img_005819,cell_C
img_002937,cell_F
img_001518,cell_B
img_000040,cell_B
img_013357,cell_C
img_009936,cell_D
img_007254,cell_B
img_010120,cell_F
img_016339,cell_B
img_003260,cell_F
img_011626,cell_C
img_007185,cell_F
img_000238,cell_E
img_000798,cell_C
img_001647,cell_G
img_016835,cell_E
img_016675,cell_B
img_013909,cell_A
img_005591,cell_B
img_004289,cell_F
img_013657,cell_G
img_005813,cell_D
img_000338,cell_D
img_016376,cell_A
img_016847,cell_F
img_015127,cell_B
img_011711,cell_D
img_003150,cell_C
img_011602,cell_C
img_002983,cell_C
img_013768,cell_H
img_003542,cell_C
img_002739,cell_F
img_014552,cell_F
img_000250,cell_C
img_008258,cell_A
img_014348,cell_C
img_011898,cell_B
img_014065,cell_C
img_005178,cell_C
img_010406,cell_D
img_010828,cell_B
img_015165,cell_A
img_005181,cell_B
img_000701,cell_F
img_012563,cell_H
img_013706,cell_B
img_000368,cell_F
img_010477,cell_G
img_015981,cell_H
img_004847,cell_B
img_016237,cell_A
img_016295,cell_A
img_005055,cell_B
img_000018,cell_B
img_013618,cell_C
img_008351,cell_H
img_004067,cell_G
img_011348,cell_H
img_005164,cell_B
img_002589,cell_A
img_010452,cell_A
img_008514,cell_B
img_002671,cell_F
img_011782,cell_G
img_001529,cell_D
img_005318,cell_H
img_013793,cell_D
img_008315,cell_E
img_004805,cell_A
img_005880,cell_D
img_005506,cell_C
img_001114,cell_G
img_016402,cell_D
img_008215,cell_F
img_001100,cell_F
img_013920,cell_H
img_007231,cell_F
img_001047,cell_B
img_006334,cell_B
img_001221,cell_C
img_008644,cell_G
img_012958,cell_G
img_005394,cell_H
img_008637,cell_F
img_015884,cell_B
img_004942,cell_F
img_005102,cell_H
img_002561,cell_B
img_012802,cell_B
img_016429,cell_E
img_007704,cell_C
img_011758,cell_B
img_009878,cell_F
img_001433,cell_A
img_008773,cell_F
img_000621,cell_H
img_010875,cell_A
img_009331,cell_B
img_012281,cell_E
img_011002,cell_H
img_008909,cell_D
img_000553,cell_D
img_007781,cell_E
img_007295,cell_F
img_001447,cell_A
img_010798,cell_F
img_001509,cell_B
img_008270,cell_C
img_010184,cell_G
img_011587,cell_C
img_011691,cell_H
img_000075,cell_A
img_011074,cell_F
img_002046,cell_F
img_008525,cell_C
img_009527,cell_B
img_016641,cell_C
img_004439,cell_F
img_009967,cell_A
img_013395,cell_A
img_007626,cell_C
img_012513,cell_C
img_002111,cell_F
img_011926,cell_F
img_016039,cell_B
img_006709,cell_D
img_007905,cell_G
img_008685,cell_D
img_000279,cell_E
img_013242,cell_G
img_005312,cell_B
img_007555,cell_F
img_006044,cell_C
img_012177,cell_F
img_015042,cell_G
img_011283,cell_C
img_003744,cell_F
img_011239,cell_H
img_011561,cell_C
img_007490,cell_D
img_010750,cell_A
img_006453,cell_D
img_003739,cell_D
img_004208,cell_C
img_010737,cell_D
img_005583,cell_C
img_013421,cell_D
img_009387,cell_D
img_004821,cell_A
img_011455,cell_A
img_005687,cell_D
img_007324,cell_F
img_014775,cell_H
img_004266,cell_F
img_009143,cell_F
img_002423,cell_H
img_001400,cell_F
img_014706,cell_E
img_012266,cell_E
img_012463,cell_F
img_011680,cell_F
img_008899,cell_G
img_003983,cell_B
img_002216,cell_F
img_005959,cell_D
img_005356,cell_C
img_006410,cell_E
img_014208,cell_B
img_001396,cell_B
img_016436,cell_G
img_012189,cell_A
img_001950,cell_A
img_003986,cell_G
img_006289,cell_C
img_002717,cell_F
img_004601,cell_A
img_010623,cell_B
img_008087,cell_C
img_002171,cell_F
img_009110,cell_B
img_012714,cell_G
img_013987,cell_C
img_008988,cell_F
img_008352,cell_E
img_010717,cell_E
img_015624,cell_B
img_012737,cell_D
img_003172,cell_B
img_011530,cell_D
img_007947,cell_B
img_012757,cell_B
img_010757,cell_A
img_002382,cell_B
img_016109,cell_A
img_004192,cell_E
img_009195,cell_H
img_011984,cell_G
img_005835,cell_A
img_000192,cell_C
img_004829,cell_C
img_002677,cell_A
img_001237,cell_F
img_013952,cell_B
img_010939,cell_D
img_014610,cell_A
img_011059,cell_B
img_005990,cell_H
img_004387,cell_C
img_013829,cell_D
img_006085,cell_B
img_010334,cell_D
img_004648,cell_A
img_002887,cell_G
img_002227,cell_B
img_000056,cell_B
img_009231,cell_D
img_004512,cell_F
img_004550,cell_F
img_003526,cell_C
img_013666,cell_H
img_002454,cell_B
img_002231,cell_D
img_006141,cell_C
img_001603,cell_A
img_008268,cell_A
img_005544,cell_A
img_007275,cell_C
img_011874,cell_H
img_009379,cell_F
img_006211,cell_C
img_007111,cell_H
img_000222,cell_G
img_015745,cell_C
img_000505,cell_C
img_013315,cell_C
img_001466,cell_F
img_010967,cell_B
img_002261,cell_H
img_009645,cell_C
img_001314,cell_F
img_012967,cell_H
img_004404,cell_A
img_000507,cell_A
img_016636,cell_G
img_013364,cell_F
img_003889,cell_B
img_002090,cell_F
img_014306,cell_B
img_005439,cell_B
img_010171,cell_C
img_015239,cell_B
img_002813,cell_F
img_000213,cell_D
img_012648,cell_F
img_000006,cell_G
img_000179,cell_D
img_005600,cell_B
img_006840,cell_B
img_006135,cell_A
img_010448,cell_F
img_007034,cell_B
img_006236,cell_D
img_016020,cell_C
img_011241,cell_H
img_016287,cell_F
img_006749,cell_H
img_000281,cell_F
img_003298,cell_C
img_005927,cell_F
img_004134,cell_A
img_015795,cell_F
img_012887,cell_F
img_000323,cell_B
img_007080,cell_F
img_006979,cell_A
img_011332,cell_A
img_011118,cell_C
img_011577,cell_F
img_003428,cell_C
img_015617,cell_H
img_009398,cell_B
img_016689,cell_F
img_000226,cell_C
img_006714,cell_F
img_009909,cell_E
img_013276,cell_C
img_015142,cell_D
img_006922,cell_H
img_009657,cell_A
img_012488,cell_C
img_009360,cell_F
img_014477,cell_F
img_007793,cell_E
img_001249,cell_B
img_008835,cell_B
img_015478,cell_C
img_013348,cell_D
img_016211,cell_C
img_015836,cell_F
img_015876,cell_A
img_007653,cell_C
img_005038,cell_B
img_000361,cell_F
img_005144,cell_F
img_009747,cell_C
img_000145,cell_B
img_011631,cell_D
img_000883,cell_A
img_004377,cell_B
img_010854,cell_H
img_014530,cell_F
img_012687,cell_C
img_000419,cell_H
img_016624,cell_F
img_015492,cell_G
img_014172,cell_B
img_017051,cell_E
img_000395,cell_A
img_017008,cell_G
img_013369,cell_F
img_011676,cell_B
img_005566,cell_C
img_007473,cell_F
img_001113,cell_D
img_005112,cell_B
img_004463,cell_C
img_007897,cell_F
img_000738,cell_C
img_010818,cell_A
img_010809,cell_E
img_009309,cell_E
img_014830,cell_B
img_002732,cell_D
img_011985,cell_D
img_005011,cell_E
img_004538,cell_B
img_016984,cell_A
img_007384,cell_D
img_009701,cell_G
img_009465,cell_C
img_012987,cell_H
img_009817,cell_A
img_009061,cell_D
img_005619,cell_C
img_006681,cell_C
img_000735,cell_E
img_015969,cell_C
img_004032,cell_C
img_013453,cell_F
img_005520,cell_A
img_005862,cell_B
img_008813,cell_B
img_016488,cell_F
img_004344,cell_B
img_001192,cell_H
img_006727,cell_A
img_013077,cell_B
img_008518,cell_C
img_013340,cell_C
img_001333,cell_C
img_011077,cell_A
img_010216,cell_C
img_009264,cell_C
img_016639,cell_B
img_015276,cell_C
img_002869,cell_B
img_007019,cell_A
img_003051,cell_B
img_011193,cell_A
img_007603,cell_H
img_010578,cell_B
img_015696,cell_E
img_006090,cell_B
img_007160,cell_G
img_003868,cell_D
img_002625,cell_G
img_013613,cell_B
img_013088,cell_G
img_006688,cell_C
img_015076,cell_F
img_013520,cell_D
img_015263,cell_H
img_009063,cell_A
img_010246,cell_G
img_001781,cell_C
img_013091,cell_B
img_006442,cell_H
img_008676,cell_A
img_015841,cell_A
img_001796,cell_B
img_011143,cell_C
img_016987,cell_F
img_005083,cell_B
img_011933,cell_C
img_001002,cell_G
img_009830,cell_B
img_003399,cell_C
img_011745,cell_A
img_006849,cell_E
img_012762,cell_C
img_005976,cell_B
img_010054,cell_A
img_005743,cell_C
img_005775,cell_H
img_005863,cell_B
img_001668,cell_H
img_011809,cell_C
img_008560,cell_A
img_005081,cell_B
img_001376,cell_G
img_007279,cell_C
img_007305,cell_F
img_008986,cell_H
img_007281,cell_F
img_014968,cell_A
img_015477,cell_B
img_004635,cell_B
img_008063,cell_A
img_009913,cell_B
img_015819,cell_B
img_015053,cell_C
img_007273,cell_G
img_012136,cell_A
img_008423,cell_B
img_003896,cell_F
img_008864,cell_D
img_012546,cell_C
img_011760,cell_A
img_008846,cell_E
img_000452,cell_G
img_012875,cell_A
img_012526,cell_B
img_007466,cell_F
img_016778,cell_C
img_005475,cell_D
img_012570,cell_E
img_015172,cell_H
img_002975,cell_G
img_005921,cell_E
img_006682,cell_A
img_014041,cell_F
img_003341,cell_C
img_005253,cell_B
img_010194,cell_D
img_000243,cell_G
img_013301,cell_C
img_011923,cell_D
img_011169,cell_C
img_013259,cell_F
img_015116,cell_F
img_011125,cell_H
img_010306,cell_C
img_000263,cell_A
img_014126,cell_C
img_016823,cell_B
img_016244,cell_F
img_012871,cell_H
img_009197,cell_H
img_010252,cell_F
img_015131,cell_B
img_007523,cell_A
img_008736,cell_C
img_009538,cell_A
img_003438,cell_D
img_015442,cell_B
img_009911,cell_D
img_000518,cell_F
img_009334,cell_B
img_007802,cell_G
img_015574,cell_F
img_008085,cell_B
img_000897,cell_G
img_016038,cell_C
img_006707,cell_H
img_002545,cell_C
img_009457,cell_E
img_004166,cell_H
img_000139,cell_C
img_012773,cell_A
img_013050,cell_C
img_003918,cell_C
img_002629,cell_A
img_016540,cell_A
img_009923,cell_B
img_009664,cell_G
img_007570,cell_H
img_011955,cell_G
img_006900,cell_C
img_009561,cell_G
img_016165,cell_C
img_014159,cell_C
img_013428,cell_A
img_006218,cell_C
img_003297,cell_H
img_008621,cell_F
img_011888,cell_A
img_007025,cell_B
img_012645,cell_B
img_002791,cell_H
img_003378,cell_C
img_009705,cell_D
img_011353,cell_G
img_013525,cell_D
img_012383,cell_B
img_015467,cell_C
img_014061,cell_F
img_009419,cell_D
img_003068,cell_D
img_016080,cell_C
img_016709,cell_H
img_001116,cell_E
img_002466,cell_B
img_010847,cell_E
img_004142,cell_F
img_002662,cell_E
img_007900,cell_F
img_015857,cell_C
img_010811,cell_E
img_010221,cell_F
img_006638,cell_D
img_013415,cell_H
img_007982,cell_D
img_001204,cell_B
img_001037,cell_F
img_017075,cell_B
img_002369,cell_F
img_000854,cell_F
img_001494,cell_F
img_009593,cell_F
img_013302,cell_B
img_000091,cell_F
img_010572,cell_F
img_009156,cell_D
img_014139,cell_D
img_015490,cell_H
img_001555,cell_C
img_000839,cell_G
img_011859,cell_B
img_000818,cell_D
img_008992,cell_F
img_011685,cell_B
img_015065,cell_F
img_010481,cell_B
img_010444,cell_F
img_012249,cell_C
img_010102,cell_E
img_001096,cell_H
img_005861,cell_F
img_012951,cell_B
img_001005,cell_F
img_004089,cell_E
img_010878,cell_E
img_000498,cell_D
img_012897,cell_E
img_012304,cell_B
img_008696,cell_C
img_012633,cell_C
img_006801,cell_D
img_009177,cell_G
img_013710,cell_G
img_003267,cell_F
img_008468,cell_H
img_009233,cell_H
img_006893,cell_H
img_012813,cell_C
img_015782,cell_C
img_001180,cell_B
img_017080,cell_D
img_014590,cell_C
img_003471,cell_G
img_001423,cell_F
img_003811,cell_E
img_001426,cell_H
img_005738,cell_E
img_007831,cell_B
img_002192,cell_B
img_011779,cell_E
img_014112,cell_A
img_013971,cell_G
img_009062,cell_B
img_009852,cell_A
img_007862,cell_F
img_008419,cell_C
img_006229,cell_H
img_003168,cell_D
img_015237,cell_D
img_001130,cell_F
img_007562,cell_E
img_008572,cell_H
img_014102,cell_F
img_011692,cell_A
img_000063,cell_B
img_011797,cell_C
img_008961,cell_C
img_011209,cell_H
img_008780,cell_F
img_005770,cell_C
img_004356,cell_C
img_016040,cell_H
img_012405,cell_A
img_002616,cell_C
img_011916,cell_B
img_006312,cell_E
img_008312,cell_A
img_011998,cell_H
img_002131,cell_H
img_016353,cell_C
img_010744,cell_E
img_013890,cell_D
img_013936,cell_D
img_007520,cell_F
img_009698,cell_C
img_012256,cell_D
img_015437,cell_F
img_005146,cell_B
img_004332,cell_D
img_009791,cell_D
img_003599,cell_F
img_007609,cell_D
img_016652,cell_B
img_008177,cell_H
img_008728,cell_A
img_003883,cell_A
img_009433,cell_B
img_010720,cell_E
img_011488,cell_F
img_011099,cell_C
img_013393,cell_F
img_012154,cell_B
img_007581,cell_D
img_013684,cell_C
img_005361,cell_E
img_005642,cell_C
img_006815,cell_G
img_002027,cell_E
img_015195,cell_A
img_009198,cell_G
img_009537,cell_C
img_015988,cell_F
img_009154,cell_B
img_003199,cell_F
img_012401,cell_G
img_004137,cell_C
img_010324,cell_B
img_001122,cell_A
img_013007,cell_D
img_002400,cell_C
img_016642,cell_C
img_015097,cell_H
img_010895,cell_A
img_009776,cell_E
img_011039,cell_B
img_005425,cell_E
img_015087,cell_C
img_012028,cell_C
img_007089,cell_A
img_007027,cell_C
img_004814,cell_B
img_015491,cell_G
img_016637,cell_D
img_008535,cell_E
img_007270,cell_C
img_008588,cell_A
img_002204,cell_F
img_012771,cell_B
img_004637,cell_D
img_014293,cell_B
img_011791,cell_A
img_010113,cell_G
img_006338,cell_C
img_004680,cell_F
img_001824,cell_A
img_006476,cell_C
img_011533,cell_B
img_000110,cell_B
img_006972,cell_G
img_005367,cell_D
img_002963,cell_C
img_010916,cell_B
img_011750,cell_C
img_017071,cell_A
img_008261,cell_F
img_013541,cell_C
img_007660,cell_F
img_013193,cell_G
img_003448,cell_F
img_013285,cell_A
img_005389,cell_C
img_016481,cell_B
img_006063,cell_B
img_014417,cell_F
img_009092,cell_C
img_011840,cell_H
img_009453,cell_H
img_008585,cell_B
img_013097,cell_A
img_011777,cell_H
img_002842,cell_D
img_012051,cell_H
img_005002,cell_C
img_010929,cell_B
img_010813,cell_F
img_000622,cell_C
img_015063,cell_H
img_016646,cell_B
img_001095,cell_B
img_005483,cell_B
img_014033,cell_C
img_009224,cell_F
img_005080,cell_C
img_003010,cell_H
img_007374,cell_F
img_005018,cell_C
img_006552,cell_H
img_010753,cell_F
img_007394,cell_D
img_008904,cell_B
img_003596,cell_F
img_014828,cell_C
img_010721,cell_E
img_005240,cell_F
img_010538,cell_B
img_006859,cell_E
img_012394,cell_A
img_015497,cell_F
img_002045,cell_H
img_009824,cell_D
img_003249,cell_F
img_005374,cell_C
img_007578,cell_A
img_006631,cell_F
img_007579,cell_F
img_001480,cell_C
img_007448,cell_F
img_016076,cell_F
img_013116,cell_B
img_008620,cell_B
img_010129,cell_B
img_011371,cell_C
img_003644,cell_A
img_016761,cell_D
img_008105,cell_H
img_002497,cell_F
img_006563,cell_D
img_010727,cell_F
img_015569,cell_C
img_001756,cell_G
img_003164,cell_G
img_014189,cell_H
img_010085,cell_F
img_006640,cell_B
img_015767,cell_A
img_013151,cell_B
img_015228,cell_F
img_012049,cell_D
img_012759,cell_H
img_008917,cell_B
img_011128,cell_B
img_015382,cell_F
img_014380,cell_H
img_006471,cell_A
img_016159,cell_C
img_007680,cell_C
img_008778,cell_A
img_016724,cell_B
img_000646,cell_A
img_006109,cell_C
img_000993,cell_D
img_000483,cell_F
img_007403,cell_D
img_014072,cell_C
img_008650,cell_B
img_007264,cell_D
img_014663,cell_B
img_004545,cell_G
img_009402,cell_D
img_015081,cell_D
img_014745,cell_F
img_009016,cell_A
img_004327,cell_C
img_014656,cell_F
img_003533,cell_E
img_013894,cell_G
img_006463,cell_F
img_008964,cell_B
img_015996,cell_B
img_013101,cell_D
img_004010,cell_B
img_006214,cell_F
img_013004,cell_A
img_000654,cell_A
img_007510,cell_B
img_016185,cell_C
img_015567,cell_F
img_003268,cell_C
img_013102,cell_F
img_000506,cell_E
img_015064,cell_G
img_010013,cell_E
img_003311,cell_D
img_013366,cell_A
img_002675,cell_H
img_013043,cell_D
img_009455,cell_C
img_013856,cell_C
img_005711,cell_D
img_007745,cell_F
img_009113,cell_C
img_013155,cell_A
img_002971,cell_B
img_011881,cell_G
img_002610,cell_C
img_015669,cell_F
img_013645,cell_A
img_002631,cell_B
img_015412,cell_B
img_010539,cell_F
img_007326,cell_B
img_006747,cell_C
img_004674,cell_C
img_014819,cell_C
img_016475,cell_A
img_012965,cell_A
img_016554,cell_A
img_000353,cell_A
img_004444,cell_E
img_009673,cell_G
img_000550,cell_H
img_012623,cell_F
img_013057,cell_A
img_001371,cell_C
img_015846,cell_D
img_016730,cell_F
img_010268,cell_G
img_000412,cell_H
img_011810,cell_E
img_007480,cell_C
img_007240,cell_A
img_006820,cell_A
img_010164,cell_G
img_014235,cell_B
img_014609,cell_E
img_002088,cell_D
img_005681,cell_A
img_011087,cell_B
img_005194,cell_B
img_015430,cell_D
img_001977,cell_A
img_013108,cell_C
img_011558,cell_A
img_009926,cell_B
img_005554,cell_D
img_014466,cell_F
img_006841,cell_C
img_001160,cell_C
img_013216,cell_D
img_000695,cell_G
img_008028,cell_D
img_011323,cell_H
img_016277,cell_F
img_013821,cell_C
img_009919,cell_C
img_011304,cell_F
img_002000,cell_C
img_001238,cell_F
img_003461,cell_H
img_001125,cell_D
img_007914,cell_C
img_009667,cell_E
img_013574,cell_C
img_002243,cell_H
img_006819,cell_B
img_006104,cell_C
img_007098,cell_A
img_012752,cell_B
img_014485,cell_E
img_013602,cell_D
img_008672,cell_E
img_010894,cell_F
img_016068,cell_E
img_011662,cell_B
img_002959,cell_D
img_014563,cell_B
img_014260,cell_H
img_006873,cell_D
img_004836,cell_A
img_016755,cell_C
img_011948,cell_B
img_013142,cell_H
img_010473,cell_C
img_015372,cell_F
img_012432,cell_A
img_010295,cell_G
img_016668,cell_C
img_013780,cell_H
img_001556,cell_E
img_001052,cell_H
img_016543,cell_D
img_000524,cell_A
img_010522,cell_F
img_002187,cell_C
img_012007,cell_F
img_016781,cell_B
img_002846,cell_A
img_013281,cell_B
img_012299,cell_F
img_010006,cell_C
img_009743,cell_B
img_001389,cell_B
img_000696,cell_D
img_004160,cell_C
img_007178,cell_A
img_011742,cell_H
img_004882,cell_H
img_009647,cell_F
img_006538,cell_C
img_005493,cell_B
img_011936,cell_C
img_003721,cell_B
img_014862,cell_C
img_016911,cell_A
img_015675,cell_H
img_016193,cell_H
img_010388,cell_F
img_014123,cell_D
img_007277,cell_F
img_012997,cell_C
img_012192,cell_C
img_003913,cell_B
img_005242,cell_F
img_010843,cell_B
img_003814,cell_C
img_012311,cell_A
img_016343,cell_C
img_014165,cell_B
img_016359,cell_F
img_002676,cell_B
img_013737,cell_B
img_003878,cell_D
img_005087,cell_G
img_010739,cell_E
img_001309,cell_E
img_013111,cell_A
img_008596,cell_C
img_001444,cell_B
img_009054,cell_A
img_002177,cell_H
img_014275,cell_C
img_012101,cell_B
img_013585,cell_E
img_009828,cell_A
img_009399,cell_D
img_008906,cell_F
img_003787,cell_C
img_011748,cell_B
img_003318,cell_C
img_002872,cell_B
img_012918,cell_G
img_003045,cell_E
img_007808,cell_E
img_002062,cell_F
img_011967,cell_F
img_015777,cell_B
img_012391,cell_F
img_014603,cell_G
img_009519,cell_C
img_005774,cell_A
img_003407,cell_E
img_002574,cell_C
img_016186,cell_C
img_011070,cell_F
img_014110,cell_B
img_003512,cell_H
img_010241,cell_B
img_006339,cell_B
img_012466,cell_B
img_010245,cell_D
img_013375,cell_C
img_012656,cell_B
img_013554,cell_C
img_010942,cell_F
img_003004,cell_B
img_011405,cell_C
img_010745,cell_H
img_015771,cell_B
img_016312,cell_C
img_016672,cell_F
img_003948,cell_D
img_004169,cell_C
img_001227,cell_A
img_016134,cell_F
img_014509,cell_C
img_006358,cell_C
img_012558,cell_C
img_013246,cell_B
img_005646,cell_H
img_000565,cell_F
img_004835,cell_A
img_006309,cell_C
img_003383,cell_E
img_016307,cell_F
img_007770,cell_G
img_008934,cell_F
img_012617,cell_F
img_007103,cell_H
img_013720,cell_B
img_007219,cell_D
img_008303,cell_C
img_015979,cell_F
img_008429,cell_F
img_010846,cell_F
img_015806,cell_H
img_007076,cell_B
img_003170,cell_D
img_011000,cell_B
img_003780,cell_G
img_016909,cell_H
img_013423,cell_F
img_005816,cell_C
img_003271,cell_C
img_009320,cell_B
img_014190,cell_C
img_013663,cell_B
img_014000,cell_B
img_009640,cell_C
img_013620,cell_D
img_012220,cell_C
img_001268,cell_C
img_000811,cell_H
img_001178,cell_F
img_001070,cell_C
img_006325,cell_F
img_004540,cell_C
img_005093,cell_B
img_001440,cell_B
img_004503,cell_C
img_008394,cell_A
img_004300,cell_B
img_003925,cell_B
img_009982,cell_C
img_006492,cell_G
img_013427,cell_F
img_013159,cell_C
img_016609,cell_C
img_015638,cell_D
img_011482,cell_E
img_001980,cell_F
img_014080,cell_C
img_006466,cell_B
img_015159,cell_F
img_012171,cell_C
img_004706,cell_C
img_002294,cell_C
img_006222,cell_A
img_006372,cell_D
img_016514,cell_C
img_012978,cell_F
img_008166,cell_B
img_009962,cell_E
img_005460,cell_C
img_013854,cell_B
img_004692,cell_C
img_010567,cell_B
img_010010,cell_E
img_016153,cell_E
img_001983,cell_A
img_011355,cell_E
img_005182,cell_B
img_004640,cell_B
img_015710,cell_B
img_010810,cell_B
img_003664,cell_G
img_001502,cell_C
img_013548,cell_B
img_003607,cell_A
img_005849,cell_F
img_005422,cell_G
img_010105,cell_C
img_002482,cell_D
img_013661,cell_E
img_014253,cell_H
img_013462,cell_B
img_000819,cell_G
img_006684,cell_C
img_003405,cell_A
img_006306,cell_C
img_010924,cell_F
img_016991,cell_F
img_012484,cell_H
img_005053,cell_F
img_001402,cell_A
img_007224,cell_D
img_004670,cell_B
img_008877,cell_C
img_007637,cell_C
img_007004,cell_B
img_007757,cell_C
img_001772,cell_F
img_013850,cell_A
img_000107,cell_B
img_016953,cell_B
img_009152,cell_C
img_006887,cell_G
img_006510,cell_F
img_004900,cell_F
img_013992,cell_B
img_009660,cell_A
img_010784,cell_B
img_006666,cell_H
img_002880,cell_B
img_002434,cell_A
img_009328,cell_G
img_002828,cell_B
img_002164,cell_F
img_003016,cell_B
img_006006,cell_G
img_003661,cell_A
img_001851,cell_F
img_010900,cell_D
img_015429,cell_C
img_000084,cell_F
img_011389,cell_C
img_011392,cell_G
img_002147,cell_B
img_006333,cell_D
img_016029,cell_H
img_010187,cell_F
img_016251,cell_B
img_015510,cell_A
img_007416,cell_A
img_006281,cell_B
img_008158,cell_G
img_005134,cell_B
img_007290,cell_B
img_010898,cell_F
img_005508,cell_G
img_003917,cell_C
img_001186,cell_C
img_003314,cell_C
img_010058,cell_D
img_008662,cell_B
img_012808,cell_E
img_015584,cell_A
img_014587,cell_B
img_011805,cell_D
img_000671,cell_E
img_009080,cell_H
img_009396,cell_E
img_003288,cell_C
img_008106,cell_C
img_008566,cell_C
img_011977,cell_G
img_005627,cell_H
img_015122,cell_E
img_006253,cell_F
img_014444,cell_B
img_016124,cell_B
img_016614,cell_B
img_005504,cell_F
img_002003,cell_C
img_007252,cell_B
img_009168,cell_C
img_009665,cell_G
img_016382,cell_A
img_016442,cell_F
img_014806,cell_D
img_017027,cell_B
img_016269,cell_F
img_006764,cell_F
img_005416,cell_D
img_005036,cell_F
img_007528,cell_F
img_010982,cell_E
img_001667,cell_A
img_003179,cell_B
img_009651,cell_D
img_013840,cell_G
img_004798,cell_A
img_015305,cell_C
img_009116,cell_B
img_013676,cell_E
img_002704,cell_D
img_014196,cell_D
img_010304,cell_C
img_002081,cell_E
img_007084,cell_A
img_004589,cell_G
img_000015,cell_C
img_014083,cell_B
img_002293,cell_B
img_014206,cell_G
img_009045,cell_C
img_001454,cell_A
img_013231,cell_E
img_006781,cell_B
img_005855,cell_F
img_003866,cell_F
img_008142,cell_C
img_007064,cell_G
img_010787,cell_C
img_009313,cell_H
img_007229,cell_A
img_000638,cell_H
img_000573,cell_D
img_003096,cell_A
img_017034,cell_C
img_016082,cell_E
img_012764,cell_G
img_008408,cell_H
img_012639,cell_C
img_005759,cell_H
img_012289,cell_E
img_006445,cell_D
img_012888,cell_A
img_003202,cell_F
img_004893,cell_E
img_008767,cell_A
img_013553,cell_F
img_001735,cell_C
img_001662,cell_F
img_013261,cell_A
img_014491,cell_A
img_014965,cell_C
img_007350,cell_F
img_006937,cell_B
img_000484,cell_B
img_013857,cell_C
img_014930,cell_C
img_008506,cell_F
img_003062,cell_E
img_014271,cell_C
img_017035,cell_C
img_007682,cell_C
img_000215,cell_B
img_014363,cell_A
img_001441,cell_F
img_002229,cell_A
img_010214,cell_A
img_000017,cell_E
img_009781,cell_E
img_005125,cell_C
img_015758,cell_H
img_013728,cell_C
img_006511,cell_F
img_003991,cell_C
img_016619,cell_A
img_005337,cell_H
img_016148,cell_D
img_008219,cell_A
img_006009,cell_H
img_002840,cell_H
img_012445,cell_A
img_016367,cell_F
img_015347,cell_G
img_006409,cell_F
img_004629,cell_H
img_003730,cell_B
img_002136,cell_B
img_014352,cell_B
img_005946,cell_E
img_016745,cell_G
img_011492,cell_A
img_010660,cell_F
img_001000,cell_A
img_003872,cell_D
img_005934,cell_C
img_005753,cell_A
img_002903,cell_C
img_010319,cell_B
img_016455,cell_E
img_010554,cell_A
img_012064,cell_G
img_009339,cell_E
img_002061,cell_A
img_015117,cell_A
img_010041,cell_D
img_016665,cell_A
img_015400,cell_A
img_007126,cell_A
img_011939,cell_B
img_011905,cell_B
img_016527,cell_C
img_016785,cell_E
img_015885,cell_F
img_002611,cell_G
img_005823,cell_G
img_011474,cell_H
img_016515,cell_H
img_010422,cell_B
img_011920,cell_B
img_009655,cell_B
img_014941,cell_D
img_007673,cell_G
img_002073,cell_A
img_002096,cell_F
img_002067,cell_B
img_006095,cell_G
img_000557,cell_G
img_012601,cell_B
img_017044,cell_A
img_011158,cell_B
img_005201,cell_D
img_001385,cell_F
img_006527,cell_A
img_012440,cell_B
img_014077,cell_D
img_016446,cell_E
img_001330,cell_F
img_006401,cell_A
img_005473,cell_A
img_002765,cell_C
img_014684,cell_B
img_011822,cell_F
img_014824,cell_C
img_006983,cell_A
img_009875,cell_G
img_002879,cell_D
img_011145,cell_F
img_016901,cell_F
img_011466,cell_B
img_000413,cell_C
img_004467,cell_C
img_011761,cell_G
img_006516,cell_C
img_002700,cell_B
img_009022,cell_B
img_015659,cell_F
img_000340,cell_B
img_014879,cell_H
img_001947,cell_C
img_011953,cell_B
img_016340,cell_D
img_008066,cell_C
img_011268,cell_B
img_010161,cell_C
img_016790,cell_F
img_010158,cell_C
img_000308,cell_F
img_005317,cell_C
img_005157,cell_B
img_014923,cell_C
img_003966,cell_B
img_013312,cell_C
img_006509,cell_C
img_008581,cell_D
img_012045,cell_H
img_005467,cell_A
img_001624,cell_C
img_010369,cell_F
img_005509,cell_F
img_014425,cell_A
img_000399,cell_G
img_010944,cell_G
img_010050,cell_D
img_006643,cell_A
img_014008,cell_C
img_004339,cell_A
img_009294,cell_F
img_015607,cell_F
img_003414,cell_D
img_008029,cell_G
img_011418,cell_D
img_009506,cell_B
img_016342,cell_B
img_014784,cell_C
img_006369,cell_B
img_006929,cell_G
img_014365,cell_C
img_001741,cell_F
img_010928,cell_F
img_005488,cell_A
img_001417,cell_C
img_011509,cell_B
img_002029,cell_F
img_004537,cell_G
img_000556,cell_C
img_008484,cell_C
img_003771,cell_A
img_014316,cell_H
img_015895,cell_B
img_004149,cell_F
img_005375,cell_A
img_003693,cell_C
img_007492,cell_D
img_004453,cell_H
img_000000,cell_B
img_015726,cell_C
img_014288,cell_B
img_010354,cell_F
img_007675,cell_B
img_008692,cell_B
img_001265,cell_A
img_014731,cell_A
img_013434,cell_B
img_004837,cell_C
img_015073,cell_H
img_016612,cell_B
img_009284,cell_C
img_009688,cell_B
img_014014,cell_C
img_012974,cell_D
img_010814,cell_E
img_010748,cell_C
img_002521,cell_A
img_000950,cell_F
img_008116,cell_B
img_001660,cell_A
img_016877,cell_F
img_011041,cell_G
img_000170,cell_F
img_006316,cell_A
img_002552,cell_E
img_001953,cell_A
img_005402,cell_A
img_014157,cell_B
img_015011,cell_B
img_013905,cell_C
img_010994,cell_F
img_011136,cell_D
img_013800,cell_G
img_015161,cell_G
img_016198,cell_C
img_001132,cell_B
img_001798,cell_F
img_014185,cell_B
img_014243,cell_H
img_016705,cell_E
img_011079,cell_H
img_003950,cell_F
img_015634,cell_C
img_008185,cell_B
img_006734,cell_E
img_008039,cell_H
img_002503,cell_C
img_016175,cell_G
img_012702,cell_C
img_001517,cell_F
img_000764,cell_E
img_001907,cell_F
img_009580,cell_F
img_001055,cell_B
img_015583,cell_C
img_016738,cell_F
img_015720,cell_B
img_010817,cell_B
img_001641,cell_A
img_001044,cell_A
img_007294,cell_F
img_006976,cell_G
img_011018,cell_C
img_012152,cell_F
img_004593,cell_A
img_001612,cell_B
img_005581,cell_B
img_004782,cell_B
img_005209,cell_F
img_000093,cell_H
img_003614,cell_C
img_009199,cell_B
img_004735,cell_H
img_011734,cell_F
img_007856,cell_C
img_003213,cell_A
img_006114,cell_D
img_012972,cell_A
img_004184,cell_B
img_010056,cell_C
img_011065,cell_D
img_004457,cell_B
img_004023,cell_B
img_008091,cell_B
img_014849,cell_F
img_008742,cell_A
img_009715,cell_E
img_004189,cell_F
img_001949,cell_A
img_004252,cell_G
img_004421,cell_B
img_004276,cell_A
img_015612,cell_A
img_005507,cell_B
img_013255,cell_F
img_001715,cell_F
img_012053,cell_F
img_008746,cell_A
img_008586,cell_F
img_011230,cell_F
img_012497,cell_D
img_000896,cell_B
img_009834,cell_B
img_005628,cell_C
img_014382,cell_E
img_007662,cell_A
img_012905,cell_A
img_002156,cell_A
img_009758,cell_B
img_009867,cell_D
img_004282,cell_D
img_007556,cell_H
img_004174,cell_E
img_002992,cell_B
img_014815,cell_C
img_014508,cell_G
img_015706,cell_G
img_002208,cell_B
img_003879,cell_B
img_008262,cell_B
img_004716,cell_F
img_013459,cell_H
img_008284,cell_E
img_015666,cell_A
img_002364,cell_B
img_012504,cell_B
img_003777,cell_F
img_003247,cell_B
img_013712,cell_F
img_001413,cell_A
img_016604,cell_A
img_013795,cell_F
img_012315,cell_E
img_005234,cell_A
img_004578,cell_C
img_004124,cell_D
img_002327,cell_H
img_004519,cell_A
img_004831,cell_C
img_001665,cell_E
img_000865,cell_B
img_003604,cell_H
img_015812,cell_H
img_001281,cell_C
img_013103,cell_F
img_004822,cell_C
img_016598,cell_D
img_003873,cell_A
img_010328,cell_G
img_012785,cell_F
img_015818,cell_B
img_002713,cell_H
img_014956,cell_D
img_006219,cell_F
img_009644,cell_F
img_000888,cell_F
img_001575,cell_E
img_001068,cell_A
img_014876,cell_F
img_006136,cell_B
img_008598,cell_C
img_001498,cell_C
img_002383,cell_C
img_015805,cell_C
img_005468,cell_D
img_001119,cell_H
img_011478,cell_F
img_017026,cell_H
img_012218,cell_A
img_013045,cell_A
img_017024,cell_B
img_001858,cell_F
img_014272,cell_G
img_000405,cell_H
img_001951,cell_A
img_011532,cell_C
img_003060,cell_B
img_008522,cell_D
img_002952,cell_G
img_011007,cell_G
img_012969,cell_H
img_012724,cell_F
img_011274,cell_F
img_008818,cell_G
img_004750,cell_B
img_009499,cell_B
img_011322,cell_C
img_009404,cell_G
img_013081,cell_B
img_011456,cell_F
img_009216,cell_G
img_003553,cell_C
img_002768,cell_B
img_012827,cell_C
img_009805,cell_E
img_007859,cell_A
img_001830,cell_B
img_009305,cell_F
img_011050,cell_B
img_006176,cell_B
img_005779,cell_C
img_003252,cell_C
img_008041,cell_H
img_002569,cell_C
img_000746,cell_B
img_009631,cell_C
img_009220,cell_A
img_008178,cell_F
img_004548,cell_G
img_008242,cell_G
img_003085,cell_G
img_009602,cell_D
img_008609,cell_C
img_001888,cell_A
img_005235,cell_C
img_016247,cell_D
img_006179,cell_D
img_000349,cell_C
img_010523,cell_H
img_004743,cell_B
img_012819,cell_F
img_008305,cell_E
img_007280,cell_D
img_006364,cell_D
img_002213,cell_F
img_009005,cell_G
img_011966,cell_B
img_000130,cell_B
img_016570,cell_A
img_002745,cell_F
img_014540,cell_B
img_009319,cell_B
img_005831,cell_F
img_013352,cell_G
img_005396,cell_F
img_000487,cell_A
img_017055,cell_F
img_012224,cell_C
img_014215,cell_G
img_005198,cell_E
img_006879,cell_B
img_008880,cell_C
img_010175,cell_A
img_001716,cell_A
img_007340,cell_H
img_015230,cell_F
img_007962,cell_H
img_011112,cell_A
img_009066,cell_B
img_011491,cell_B
img_009697,cell_A
img_008067,cell_G
img_004718,cell_G
img_007325,cell_B
img_002769,cell_A
img_006903,cell_C
img_001884,cell_A
img_004199,cell_F
img_009424,cell_A
img_016905,cell_H
img_002141,cell_H
img_010790,cell_G
img_010926,cell_B
img_003545,cell_H
img_000045,cell_F
img_009427,cell_B
img_012371,cell_H
img_005720,cell_B
img_015093,cell_B
img_003265,cell_B
img_013169,cell_H
img_014515,cell_G
img_016079,cell_C
img_005274,cell_C
img_002817,cell_A
img_003435,cell_B
img_015425,cell_D
img_013162,cell_B
img_003256,cell_D
img_001519,cell_A
img_006837,cell_F
img_009030,cell_G
img_011221,cell_C
img_005685,cell_F
img_005989,cell_D
img_013464,cell_B
img_016303,cell_F
img_011179,cell_F
img_008004,cell_F
img_005744,cell_F
img_011465,cell_E
img_006565,cell_H
img_013682,cell_B
img_006997,cell_A
img_010561,cell_H
img_000099,cell_H
img_011704,cell_G
img_016629,cell_A
img_006434,cell_H
img_012022,cell_C
img_004630,cell_B
img_005447,cell_B
img_013796,cell_B
img_014011,cell_G
img_007506,cell_A
img_003941,cell_F
img_009894,cell_A
img_000712,cell_H
img_001318,cell_B
img_002169,cell_H
img_015300,cell_F
img_016655,cell_C
img_006340,cell_C
img_000693,cell_F
img_006918,cell_A
img_012797,cell_C
img_000867,cell_E
img_009992,cell_B
img_014476,cell_F
img_001274,cell_B
img_014302,cell_A
img_013444,cell_A
img_005998,cell_C
img_000066,cell_F
img_006414,cell_A
img_015183,cell_E
img_014739,cell_F
img_016736,cell_B
img_004789,cell_F
img_011186,cell_E
img_008955,cell_F
img_006185,cell_A
img_010331,cell_B
img_012695,cell_H
img_016838,cell_F
img_016997,cell_D
img_012367,cell_B
img_011730,cell_A
img_008310,cell_H
img_001267,cell_F
img_005432,cell_D
img_001140,cell_G
img_005914,cell_B
img_010123,cell_D
img_005022,cell_C
img_014848,cell_C
img_008314,cell_D
img_002034,cell_F
img_009905,cell_F
img_014323,cell_B
img_016229,cell_B
img_005336,cell_C
img_016707,cell_G
img_011400,cell_H
img_002033,cell_E
img_014119,cell_F
img_000982,cell_A
img_011416,cell_C
img_005251,cell_A
img_004107,cell_F
img_002384,cell_A
img_013062,cell_G
img_005290,cell_F
img_001582,cell_A
img_009534,cell_C
img_016025,cell_A
img_016900,cell_C
img_011276,cell_F
img_005065,cell_B
img_016435,cell_A
img_009850,cell_F
img_008458,cell_F
img_006259,cell_E
img_005582,cell_D
img_017045,cell_A
img_016753,cell_D
img_003024,cell_H
img_002363,cell_A
img_004133,cell_D
img_004288,cell_A
img_004579,cell_E
img_014349,cell_B
img_000199,cell_B
img_013931,cell_C
img_012434,cell_F
img_011219,cell_A
img_004136,cell_D
img_015223,cell_C
img_011940,cell_D
img_004248,cell_C
img_008587,cell_C
img_014685,cell_F
img_014700,cell_D
img_009507,cell_F
img_015962,cell_F
img_009587,cell_G
img_000207,cell_A
img_000874,cell_B
img_014499,cell_B
img_012333,cell_F
img_005118,cell_A
img_009335,cell_B
img_010871,cell_E
img_006774,cell_F
img_007134,cell_D
img_016489,cell_B
img_016571,cell_B
img_014451,cell_B
img_011682,cell_A
img_013014,cell_B
img_003272,cell_F
img_012238,cell_G
img_003893,cell_A
img_014954,cell_D
img_001714,cell_B
img_013986,cell_F
img_005824,cell_G
img_017007,cell_B
img_002130,cell_E
img_002953,cell_D
img_005092,cell_E
img_013055,cell_C
img_005308,cell_E
img_010803,cell_C
img_009078,cell_F
img_011648,cell_F
img_013984,cell_G
img_015279,cell_A
img_009330,cell_F
img_013869,cell_F
img_005482,cell_E
img_007461,cell_C
img_003973,cell_F
img_006736,cell_G
img_006107,cell_C
img_003752,cell_H
img_002184,cell_C
img_006531,cell_D
img_016930,cell_A
img_002301,cell_F
img_008706,cell_A
img_009257,cell_F
img_013137,cell_H
img_014677,cell_A
img_010195,cell_A
img_000792,cell_B
img_000049,cell_A
img_007023,cell_A
img_008811,cell_C
img_005113,cell_F
img_005446,cell_A
img_006600,cell_H
img_003685,cell_H
img_001992,cell_G
img_008969,cell_A
img_005722,cell_C
img_002630,cell_B
img_013837,cell_C
img_015229,cell_B
img_003494,cell_A
img_007452,cell_D
img_010705,cell_D
img_001162,cell_B
img_006621,cell_B
img_011452,cell_D
img_010083,cell_C
img_003899,cell_A
img_000815,cell_F
img_016416,cell_G
img_003880,cell_F
img_006072,cell_C
img_012241,cell_C
img_014625,cell_C
img_008976,cell_C
img_006591,cell_C
img_011796,cell_D
img_006152,cell_A
img_016399,cell_C
img_015741,cell_C
img_012121,cell_B
img_016617,cell_E
img_005617,cell_D
img_009047,cell_A
img_004308,cell_B
img_002455,cell_C
img_003439,cell_H
img_016565,cell_C
img_004290,cell_A
img_009469,cell_E
img_008237,cell_A
img_012668,cell_B
img_009369,cell_B
img_006047,cell_B
img_007228,cell_G
img_006415,cell_G
img_005207,cell_A
img_011668,cell_A
img_014109,cell_C
img_013384,cell_B
img_010153,cell_D
img_002345,cell_C
img_007418,cell_G
img_001336,cell_A
img_015606,cell_C
img_016379,cell_F
img_000904,cell_A
img_012116,cell_H
img_011388,cell_B
img_005360,cell_A
img_008932,cell_F
img_014743,cell_C
img_009248,cell_F
img_006844,cell_A
img_010273,cell_H
img_006381,cell_F
img_014750,cell_A
img_011706,cell_B
img_014976,cell_C
img_016296,cell_E
img_012196,cell_D
img_001593,cell_B
img_007554,cell_D
img_015946,cell_D
img_001450,cell_A
img_005640,cell_H
img_004388,cell_A
img_002332,cell_A
img_004955,cell_D
img_015259,cell_D
img_002976,cell_C
img_003696,cell_D
img_000571,cell_B
img_005494,cell_F
img_005213,cell_H
img_009711,cell_B
img_004892,cell_C
img_001725,cell_C
img_011599,cell_F
img_004676,cell_F
img_000593,cell_A
img_014482,cell_B
img_002002,cell_B
img_010533,cell_C
img_005515,cell_E
img_008159,cell_C
img_016615,cell_H
img_014150,cell_A
img_010285,cell_C
img_006891,cell_B
img_001958,cell_F
img_016528,cell_A
img_008367,cell_F
img_002838,cell_B
img_011581,cell_B
img_006397,cell_B
img_000468,cell_H
img_005304,cell_D
img_014524,cell_B
img_002308,cell_C
img_015041,cell_A
img_010237,cell_B
img_011091,cell_D
img_008326,cell_G
img_002370,cell_C
img_016751,cell_A
img_006431,cell_F
img_011871,cell_A
img_003175,cell_B
img_005547,cell_C
img_000859,cell_C
img_005828,cell_H
img_015577,cell_C
img_008260,cell_B
img_011032,cell_C
img_012066,cell_H
img_014025,cell_F
img_007401,cell_H
img_013671,cell_B
img_011155,cell_A
img_008519,cell_B
img_007257,cell_A
img_014070,cell_E
img_005132,cell_B
img_012515,cell_F
img_016300,cell_B
img_007889,cell_E
img_013467,cell_B
img_007561,cell_H
img_010571,cell_B
img_011521,cell_E
img_015445,cell_C
img_009997,cell_B
img_008033,cell_B
img_003602,cell_B
img_004514,cell_D
img_006808,cell_D
img_006758,cell_B
img_012576,cell_C
img_000725,cell_C
img_011783,cell_B
img_014668,cell_F
img_016278,cell_B
img_005773,cell_F
img_015447,cell_F
img_012778,cell_E
img_004896,cell_E
img_000677,cell_H
img_004707,cell_G
img_011358,cell_G
img_009034,cell_D
img_002962,cell_C
img_001702,cell_G
img_004333,cell_G
img_015218,cell_C
img_005334,cell_G
img_010428,cell_B
img_004909,cell_A
img_016414,cell_B
img_010792,cell_D
img_000783,cell_B
img_014309,cell_E
img_005669,cell_E
img_016782,cell_B
img_007887,cell_D
img_007989,cell_C
img_010869,cell_A
img_005489,cell_F
img_001004,cell_C
img_005096,cell_F
img_008758,cell_B
img_012048,cell_G
img_002233,cell_H
img_007139,cell_A
img_010976,cell_C
img_013179,cell_D
img_014398,cell_C
img_006130,cell_F
img_000489,cell_C
img_006321,cell_A
img_007839,cell_D
img_011375,cell_F
img_012628,cell_D
img_014844,cell_B
img_002775,cell_E
img_010735,cell_E
img_009528,cell_H
img_016484,cell_B
img_013610,cell_E
img_000763,cell_F
img_005457,cell_B
img_006518,cell_A
img_015155,cell_F
img_003347,cell_E
img_015550,cell_H
img_007805,cell_F
img_003299,cell_F
img_007816,cell_H
img_005166,cell_D
img_000247,cell_E
img_009040,cell_B
img_002748,cell_E
img_000184,cell_B
img_000762,cell_B
img_012638,cell_D
img_000318,cell_F
img_014017,cell_B
img_001516,cell_B
img_014896,cell_B
img_008503,cell_C
img_011843,cell_B
img_001829,cell_F
img_011516,cell_D
img_004995,cell_B
img_015793,cell_F
img_012781,cell_H
img_010555,cell_F
img_007453,cell_A
img_008438,cell_F
img_002441,cell_H
img_002338,cell_G
img_000456,cell_C
img_006783,cell_D
img_000832,cell_A
img_007357,cell_D
img_012259,cell_C
img_005371,cell_A
img_012158,cell_E
img_003943,cell_D
img_003655,cell_E
img_005271,cell_A
img_013883,cell_F
img_010979,cell_B
img_011510,cell_G
img_007192,cell_F
img_005751,cell_A
img_000513,cell_C
img_006586,cell_E
img_005206,cell_F
img_012044,cell_A
img_012232,cell_C
img_003576,cell_C
img_011915,cell_C
img_005801,cell_D
img_009917,cell_F
img_016704,cell_B
img_010514,cell_F
img_000003,cell_H
img_008608,cell_C
img_013224,cell_F
img_006257,cell_F
img_008680,cell_F
img_001079,cell_B
img_005444,cell_E
img_014846,cell_A
img_016922,cell_H
img_016635,cell_A
img_006855,cell_B
img_016632,cell_E
img_005606,cell_C
img_009740,cell_G
img_007942,cell_C
img_003123,cell_D
img_012157,cell_D
img_001436,cell_E
img_006660,cell_C
img_002862,cell_B
img_007985,cell_F
img_009638,cell_F
img_005969,cell_F
img_014958,cell_F
img_004069,cell_C
img_012735,cell_A
img_009148,cell_F
img_001928,cell_F
img_001455,cell_D
img_015614,cell_E
img_014641,cell_C
img_015163,cell_E
img_000649,cell_E
img_001688,cell_H
img_003505,cell_B
img_003590,cell_B
img_013026,cell_A
img_016699,cell_B
img_011316,cell_F
img_005139,cell_A
img_014336,cell_A
img_016891,cell_G
img_010029,cell_C
img_013881,cell_F
img_012509,cell_F
img_009201,cell_F
img_016012,cell_D
img_005197,cell_A
img_011526,cell_B
img_007167,cell_A
img_010425,cell_F
img_013835,cell_B
img_004794,cell_F
img_009605,cell_G
img_012021,cell_G
img_006646,cell_C
img_010515,cell_H
img_014319,cell_E
img_007177,cell_C
img_011493,cell_C
img_000060,cell_H
img_003473,cell_C
img_007186,cell_F
img_005047,cell_H
img_013930,cell_A
img_012278,cell_G
img_015370,cell_B
img_003184,cell_D
img_004708,cell_E
img_012541,cell_B
img_005543,cell_H
img_006692,cell_F
img_004481,cell_B
img_013277,cell_F
img_004334,cell_C
img_004634,cell_H
img_005728,cell_G
img_011538,cell_B
img_000109,cell_F
img_015160,cell_C
img_005004,cell_F
img_009436,cell_C
img_013942,cell_H
img_001628,cell_B
img_003236,cell_B
img_000458,cell_H
img_015377,cell_B
img_000375,cell_B
img_014045,cell_F
img_008160,cell_H
img_000001,cell_B
img_011149,cell_C
img_012647,cell_H
img_014821,cell_C
img_000068,cell_E
img_006827,cell_H
img_002818,cell_D
img_008045,cell_C
img_000367,cell_F
img_000234,cell_B
img_016095,cell_B
img_006058,cell_H
img_009473,cell_E
img_013288,cell_D
img_008895,cell_B
img_012807,cell_C
img_004941,cell_F
img_014741,cell_B
img_014031,cell_A
img_005365,cell_A
img_016741,cell_B
img_005302,cell_D
img_012746,cell_F
img_011596,cell_A
img_000962,cell_A
img_015012,cell_G
img_005456,cell_H
img_003502,cell_G
img_015343,cell_A
img_010558,cell_F
img_006255,cell_A
img_015245,cell_F
img_007352,cell_B
img_012690,cell_G
img_010390,cell_B
img_000697,cell_D
img_008396,cell_H
img_004963,cell_C
img_010217,cell_C
img_002789,cell_D
img_000246,cell_B
img_011423,cell_E
img_006577,cell_D
img_002695,cell_G
img_012892,cell_F
img_000903,cell_D
img_003710,cell_C
img_012766,cell_A
img_001133,cell_B
img_004675,cell_B
img_013696,cell_G
img_002757,cell_A
img_009972,cell_A
img_000255,cell_C
img_016596,cell_C
img_001073,cell_A
img_009636,cell_F
img_008131,cell_D
img_015164,cell_B
img_007335,cell_G
img_006594,cell_A
img_010825,cell_D
img_003582,cell_H
img_011123,cell_B
img_014176,cell_C
img_008850,cell_F
img_009549,cell_F
img_008496,cell_B
img_003325,cell_F
img_011877,cell_F
img_010665,cell_B
img_008184,cell_F
img_010457,cell_G
img_007868,cell_C
img_001425,cell_D
img_002252,cell_B
img_000959,cell_A
img_002404,cell_G
img_000016,cell_B
img_001042,cell_A
img_000461,cell_B
img_004901,cell_B
img_008048,cell_B
img_009703,cell_C
img_002203,cell_C
img_013037,cell_B
img_004366,cell_F
img_004262,cell_B
img_003742,cell_F
img_014419,cell_A
img_006462,cell_E
img_000366,cell_F
img_001535,cell_B
img_008021,cell_B
img_016426,cell_B
img_000437,cell_H
img_001999,cell_B
img_008446,cell_G
img_008286,cell_B
img_014566,cell_C
img_013596,cell_C
img_006639,cell_C
img_004152,cell_C
img_015411,cell_E
img_014479,cell_D
img_010655,cell_D
img_000748,cell_C
img_000253,cell_A
img_013749,cell_G
img_000393,cell_H
img_009443,cell_C
img_002743,cell_A
img_017064,cell_A
img_007557,cell_C
img_007170,cell_G
img_010114,cell_D
img_012840,cell_H
img_004242,cell_F
img_003075,cell_H
img_006360,cell_D
img_006128,cell_E
img_003566,cell_G
img_002914,cell_H
img_007296,cell_C
img_010913,cell_F
img_011110,cell_C
img_000186,cell_H
img_014725,cell_F
img_015631,cell_B
img_006244,cell_B
img_004450,cell_D
img_001456,cell_F
img_010675,cell_F
img_004278,cell_E
img_013294,cell_B
img_008748,cell_C
img_000669,cell_G
img_012357,cell_C
img_007915,cell_F
img_003320,cell_B
img_008358,cell_A
img_003362,cell_A
img_000251,cell_D
img_003649,cell_C
img_011191,cell_C
img_004665,cell_C
img_004469,cell_F
img_004645,cell_G
img_013138,cell_C
img_004871,cell_D
img_007550,cell_D
img_007417,cell_F
img_009893,cell_F
img_005903,cell_D
img_002394,cell_C
img_011189,cell_G
img_015915,cell_A
img_010228,cell_C
img_000024,cell_A
img_006760,cell_C
img_002236,cell_D
img_005698,cell_B
img_012026,cell_A
img_003316,cell_G
img_000004,cell_G
img_010202,cell_B
img_003094,cell_C
img_013351,cell_F
img_009880,cell_C
img_009060,cell_B
img_012786,cell_C
img_005343,cell_B
img_000779,cell_C
img_015941,cell_F
img_008488,cell_A
img_009449,cell_A
img_016872,cell_A
img_013454,cell_E
img_001765,cell_A
img_010600,cell_A
img_001924,cell_G
img_011313,cell_B
img_000446,cell_A
img_013738,cell_G
img_007597,cell_C
img_014012,cell_F
img_006212,cell_G
img_010356,cell_D
img_007258,cell_G
img_000510,cell_F
img_015561,cell_A
img_000845,cell_A
img_003110,cell_H
img_006816,cell_F
img_010619,cell_G
img_007973,cell_C
img_012207,cell_E
img_004737,cell_H
img_005162,cell_H
img_001062,cell_C
img_010657,cell_C
img_010807,cell_F
img_016874,cell_D
img_014452,cell_C
img_010244,cell_F
img_001889,cell_A
img_004406,cell_H
img_009637,cell_G
img_013627,cell_C
img_006861,cell_B
img_016529,cell_F
img_005147,cell_F
img_004314,cell_C
img_011751,cell_F
img_001837,cell_G
img_014972,cell_E
img_001099,cell_A
img_016430,cell_F
img_005541,cell_A
img_007580,cell_H
img_014679,cell_F
img_005790,cell_H
img_003591,cell_B
img_004129,cell_E
img_001872,cell_C
img_010117,cell_G
img_013166,cell_F
img_006192,cell_H
img_010144,cell_E
img_014032,cell_C
img_009809,cell_F
img_015186,cell_A
img_005611,cell_B
img_000907,cell_D
img_016151,cell_B
img_015523,cell_B
img_011278,cell_H
img_001209,cell_E
img_008298,cell_B
img_000674,cell_G
img_012909,cell_C
img_009706,cell_D
img_006641,cell_E
img_016179,cell_B
img_015145,cell_D
img_009235,cell_B
img_006069,cell_D
img_013832,cell_A
img_002276,cell_G
img_011330,cell_A
img_001567,cell_B
img_016812,cell_B
img_012452,cell_F
img_002440,cell_A
img_001661,cell_C
img_000575,cell_D
img_005368,cell_C
img_004037,cell_F
img_007123,cell_F
img_003478,cell_F
img_005481,cell_C
img_010292,cell_C
img_007012,cell_F
img_010179,cell_C
img_009007,cell_H
img_013880,cell_C
img_004284,cell_C
img_000481,cell_F
img_015460,cell_B
img_010965,cell_B
img_013069,cell_A
img_001269,cell_C
img_007316,cell_A
img_002286,cell_D
img_005187,cell_A
img_014887,cell_G
img_012939,cell_B
img_009761,cell_F
img_013802,cell_B
img_006056,cell_H
img_010867,cell_G
img_001506,cell_E
img_005414,cell_D
img_005601,cell_A
img_013517,cell_G
img_012446,cell_B
img_013335,cell_A
img_010987,cell_A
img_014928,cell_D
img_011583,cell_H
img_002167,cell_B
img_007199,cell_D
img_009563,cell_F
img_012869,cell_E
img_003294,cell_E
img_000837,cell_B
img_005216,cell_C
img_005829,cell_H
img_015840,cell_A
img_000885,cell_D
img_003369,cell_C
img_009441,cell_A
img_005659,cell_C
img_005877,cell_C
img_002800,cell_H
img_003555,cell_C
img_000359,cell_D
img_005895,cell_F
img_008840,cell_B
img_006156,cell_A
img_014056,cell_F
img_007634,cell_C
img_007749,cell_D
img_016013,cell_B
img_005928,cell_A
img_001630,cell_F
img_000358,cell_A
img_008639,cell_F
img_010408,cell_E
img_005559,cell_A
img_003222,cell_B
img_005490,cell_A
img_010671,cell_F
img_007369,cell_B
img_012578,cell_H
img_009498,cell_E
img_011693,cell_A
img_013390,cell_G
img_001256,cell_E
img_002193,cell_C
img_006825,cell_A
img_006477,cell_G
img_003753,cell_E
img_013934,cell_D
img_008509,cell_C
img_008900,cell_F
img_016232,cell_G
img_007121,cell_C
img_004950,cell_G
img_010548,cell_E
img_015797,cell_C
img_001863,cell_C
img_011048,cell_C
img_005766,cell_B
img_000810,cell_C
img_007288,cell_C
img_012088,cell_F
img_006271,cell_B
img_002397,cell_C
img_000558,cell_C
img_006805,cell_G
img_000058,cell_A
img_005372,cell_F
img_005817,cell_A
img_014948,cell_C
img_005369,cell_F
img_003402,cell_E
img_000123,cell_B
img_014760,cell_A
img_011222,cell_E
img_014034,cell_D
img_006252,cell_B
img_006799,cell_C
img_009984,cell_F
img_012916,cell_F
img_013078,cell_C
img_012832,cell_F
img_009732,cell_C
img_012250,cell_C
img_004638,cell_B
img_011900,cell_B
img_014993,cell_C
img_010581,cell_F
img_011597,cell_B
img_008383,cell_E
img_015721,cell_D
img_012122,cell_B
img_007213,cell_B
img_014213,cell_C
img_003911,cell_H
img_014218,cell_G
img_010313,cell_C
img_008523,cell_D
img_012650,cell_C
img_006203,cell_C
img_002312,cell_E
img_005884,cell_A
img_008879,cell_C
img_005129,cell_B
img_007147,cell_A
img_009577,cell_B
img_006811,cell_F
img_016167,cell_F
img_008853,cell_F
img_002822,cell_E
img_002541,cell_C
img_000663,cell_B
img_014852,cell_B
img_015572,cell_A
img_014626,cell_D
img_007152,cell_G
img_016443,cell_A
img_013303,cell_F
img_000973,cell_E
img_012581,cell_A
img_013726,cell_D
img_004212,cell_A
img_007870,cell_H
img_001231,cell_B
img_000417,cell_G
img_008712,cell_F
img_001557,cell_A
img_004325,cell_C
img_016944,cell_C
img_010069,cell_D
img_012424,cell_C
img_011574,cell_A
img_015399,cell_G
img_003286,cell_C
img_012077,cell_A
img_015118,cell_H
img_004243,cell_A
img_009228,cell_H
img_016989,cell_C
img_002486,cell_D
img_004070,cell_F
img_016331,cell_H
img_008337,cell_F
img_002687,cell_A
img_016916,cell_E
img_012529,cell_F
img_016106,cell_A
img_014084,cell_G
img_014634,cell_A
img_004241,cell_B
img_003089,cell_A
img_000729,cell_B
img_006914,cell_G
img_002708,cell_D
img_001682,cell_C
img_011345,cell_F
img_014711,cell_F
img_004697,cell_E
img_000961,cell_C
img_014621,cell_E
img_014992,cell_C
img_011180,cell_C
img_008824,cell_F
img_004021,cell_B
img_016882,cell_B
img_005272,cell_B
img_016380,cell_F
img_016831,cell_A
img_002392,cell_B
img_015092,cell_B
img_003996,cell_F
img_003092,cell_B
img_001170,cell_C
img_016956,cell_F
img_003801,cell_F
img_011124,cell_F
img_004609,cell_H
img_003387,cell_A
img_004016,cell_E
img_012679,cell_F
img_008498,cell_F
img_011661,cell_G
img_015268,cell_F
img_009986,cell_B
img_011550,cell_B
img_006708,cell_C
img_000875,cell_G
img_006187,cell_F
img_009442,cell_E
img_010752,cell_F
img_007174,cell_A
img_007991,cell_C
img_006148,cell_C
img_013474,cell_B
img_003321,cell_A
img_016563,cell_C
img_006432,cell_G
img_013410,cell_C
img_010418,cell_D
img_007731,cell_H
img_011463,cell_A
img_009533,cell_C
img_011404,cell_D
img_000259,cell_F
img_001969,cell_F
img_010731,cell_D
img_015185,cell_H
img_012717,cell_C
img_004914,cell_G
img_003824,cell_F
img_010134,cell_G
img_001260,cell_B
img_010293,cell_G
img_011075,cell_B
img_008857,cell_B
img_005016,cell_B
img_003520,cell_F
img_011824,cell_F
img_007088,cell_A
img_003663,cell_F
img_008452,cell_A
img_015243,cell_B
img_011502,cell_B
img_014344,cell_B
img_001159,cell_F
img_004102,cell_B
img_008157,cell_H
img_013878,cell_C
img_002008,cell_E
img_001611,cell_B
img_006724,cell_A
img_004999,cell_E
img_016385,cell_G
img_007191,cell_C
img_011177,cell_G
img_005556,cell_F
img_012941,cell_F
img_012549,cell_C
img_008715,cell_A
img_013373,cell_C
img_016776,cell_D
img_012003,cell_C
img_015469,cell_A
img_012276,cell_B
img_008735,cell_D
img_001923,cell_F
img_014831,cell_C
img_010725,cell_C
img_003388,cell_A
img_011539,cell_A
img_013365,cell_F
img_007072,cell_C
img_002790,cell_E
img_006049,cell_F
img_004830,cell_F
img_004546,cell_F
img_017040,cell_E
img_016938,cell_H
img_014016,cell_A
img_015098,cell_F
img_004113,cell_A
img_016713,cell_G
img_000969,cell_B
img_014385,cell_G
img_001730,cell_B
img_003042,cell_D
img_013326,cell_C
img_012407,cell_B
img_002593,cell_C
img_004501,cell_F
img_009712,cell_C
img_004447,cell_A
img_010501,cell_A
img_013640,cell_F
img_004752,cell_B
img_000064,cell_C
img_014752,cell_B
img_012525,cell_E
img_007500,cell_F
img_009974,cell_G
img_014488,cell_A
img_001527,cell_C
img_000273,cell_C
img_015897,cell_C
img_007683,cell_C
img_012032,cell_A
img_001552,cell_C
img_016254,cell_D
img_011243,cell_B
img_015522,cell_B
img_013900,cell_A
img_011445,cell_C
img_014593,cell_C
img_003589,cell_B
img_008473,cell_C
img_008624,cell_B
img_011858,cell_F
img_009772,cell_F
img_012665,cell_E
img_007772,cell_E
img_012756,cell_C
img_000831,cell_F
img_015743,cell_A
img_008341,cell_A
img_016243,cell_G
img_002685,cell_E
img_004842,cell_F
img_010135,cell_C
img_016117,cell_G
img_015284,cell_H
img_015646,cell_F
img_012284,cell_C
img_004709,cell_D
img_002805,cell_A
img_008756,cell_B
img_002041,cell_B
img_013356,cell_B
img_012039,cell_B
img_003993,cell_B
img_015820,cell_B
img_009364,cell_A
img_002094,cell_D
img_003631,cell_B
img_002480,cell_F
img_001553,cell_C
img_001016,cell_B
img_014665,cell_D
img_012986,cell_B
img_013956,cell_H
img_007620,cell_C
img_016581,cell_B
img_015074,cell_B
img_010769,cell_B
img_010063,cell_C
img_005137,cell_H
img_004495,cell_B
img_006097,cell_C
img_007715,cell_D
img_007180,cell_E
img_005661,cell_A
img_012809,cell_A
img_006627,cell_E
img_004072,cell_E
img_010450,cell_C
img_005748,cell_B
img_000528,cell_F
img_010723,cell_G
img_008796,cell_H
img_015837,cell_A
img_002583,cell_C
img_013668,cell_C
img_003509,cell_F
img_016657,cell_A
img_003124,cell_C
img_005561,cell_C
img_012324,cell_G
img_015236,cell_C
img_007464,cell_B
img_015680,cell_F
img_003965,cell_A
img_009684,cell_C
img_001488,cell_G
img_003287,cell_F
img_014543,cell_F
img_000760,cell_D
img_002214,cell_B
img_002391,cell_C
img_003779,cell_B
img_014782,cell_C
img_015520,cell_A
img_004027,cell_A
img_007107,cell_E
img_009268,cell_F
img_012610,cell_B
img_001573,cell_C
img_008186,cell_F
img_009260,cell_D
img_014429,cell_A
img_009158,cell_H
img_015859,cell_F
img_014203,cell_G
img_010761,cell_C
img_010627,cell_F
img_005752,cell_B
img_012521,cell_F
img_003924,cell_A
img_003776,cell_G
img_012359,cell_B
img_016849,cell_B
img_016846,cell_F
img_014708,cell_E
img_001766,cell_F
img_008660,cell_G
img_003468,cell_A
img_010394,cell_H
img_002069,cell_H
img_011006,cell_A
img_001739,cell_B
img_012221,cell_E
img_009381,cell_B
img_001505,cell_F
img_006167,cell_C
img_003332,cell_D
img_012640,cell_F
img_003812,cell_A
img_007317,cell_C
img_002847,cell_D
img_015541,cell_C
img_012262,cell_C
img_007087,cell_H
img_004310,cell_F
img_016347,cell_A
img_010519,cell_D
img_004115,cell_G
img_015130,cell_C
img_007994,cell_D
img_012061,cell_B
img_015156,cell_A
img_010461,cell_A
img_013669,cell_B
img_011286,cell_A
img_003565,cell_A
img_013994,cell_G
img_000041,cell_A
img_007247,cell_A
img_016239,cell_B
img_009263,cell_A
img_014458,cell_C
img_015050,cell_C
img_004790,cell_G
img_003449,cell_F
img_017014,cell_E
img_007423,cell_C
img_015312,cell_F
img_004845,cell_B
img_010258,cell_C
img_003673,cell_D
img_003929,cell_G
img_016145,cell_C
img_013830,cell_E
img_004186,cell_A
img_001259,cell_D
img_005273,cell_C
img_011740,cell_G
img_006726,cell_F
img_002684,cell_B
img_009366,cell_E
img_010456,cell_F
img_001202,cell_H
img_002471,cell_A
img_005335,cell_D
img_011962,cell_D
img_004493,cell_B
img_014678,cell_D
img_011666,cell_A
img_005305,cell_B
img_006388,cell_C
img_006091,cell_D
img_002773,cell_B
img_009774,cell_C
img_014712,cell_F
img_008208,cell_F
img_003902,cell_H
img_003432,cell_C
img_016616,cell_B
img_012453,cell_A
img_013614,cell_C
img_013571,cell_F
img_016797,cell_C
img_007841,cell_C
img_015256,cell_E
img_015444,cell_E
img_000559,cell_F
img_001437,cell_H
img_014875,cell_E
img_008267,cell_E
img_014666,cell_F
img_005665,cell_B
img_005662,cell_H
img_010551,cell_A
img_003793,cell_E
img_006948,cell_A
img_003796,cell_C
img_009887,cell_E
img_004642,cell_G
img_014558,cell_F
img_005448,cell_E
img_010881,cell_H
img_001584,cell_G
img_009841,cell_B
img_002620,cell_H
img_002194,cell_A
img_015781,cell_D
img_002901,cell_F
img_008782,cell_B
img_007599,cell_F
img_006031,cell_A
img_011285,cell_F
img_009670,cell_C
img_009178,cell_C
img_006025,cell_E
img_016169,cell_H
img_006022,cell_F
img_008316,cell_C
img_014152,cell_D
img_007559,cell_B
img_009521,cell_D
img_007644,cell_A
img_016160,cell_F
img_016059,cell_B
img_011357,cell_C
img_001210,cell_F
img_008362,cell_B
img_014167,cell_F
img_010604,cell_C
img_013117,cell_B
img_008648,cell_A
img_011981,cell_H
img_002516,cell_C
img_013506,cell_A
img_007156,cell_F
img_003750,cell_A
img_002024,cell_B
img_013065,cell_D
img_004698,cell_E
img_013118,cell_D
img_005638,cell_C
img_015147,cell_B
img_002127,cell_B
img_014076,cell_B
img_001930,cell_E
img_011986,cell_D
img_006110,cell_H
img_005762,cell_D
img_007633,cell_E
img_000670,cell_G
img_014791,cell_H
img_012962,cell_D
img_006304,cell_C
img_013975,cell_G
img_006455,cell_B
img_006847,cell_C
img_004507,cell_A
img_000850,cell_G
img_015587,cell_D
img_008277,cell_G
img_015736,cell_B
img_013662,cell_B
img_003429,cell_D
img_000282,cell_F
img_004690,cell_C
img_005980,cell_C
img_015718,cell_F
img_010141,cell_A
img_010815,cell_C
img_010732,cell_H
img_004440,cell_F
img_001428,cell_B
img_001751,cell_E
img_005303,cell_C
img_008389,cell_H
img_012226,cell_B
img_009792,cell_D
img_009648,cell_B
img_015424,cell_C
img_015907,cell_D
img_004187,cell_F
img_003356,cell_H
img_008309,cell_A
img_014462,cell_E
img_014630,cell_E
img_007045,cell_C
img_004111,cell_B
img_016800,cell_A
img_007587,cell_D
img_001640,cell_H
img_013579,cell_D
img_000613,cell_A
img_004427,cell_C
img_008610,cell_E
img_010914,cell_A
img_008271,cell_H
img_004098,cell_D
img_010404,cell_H
img_006583,cell_F
img_013175,cell_C
img_010412,cell_D
img_004477,cell_B
img_012156,cell_F
img_010884,cell_E
img_007551,cell_H
img_001815,cell_B
img_005937,cell_B
img_015879,cell_G
img_000383,cell_F
img_001878,cell_C
img_011721,cell_A
img_012400,cell_E
img_010850,cell_F
img_010954,cell_F
img_016525,cell_D
img_000985,cell_F
img_015656,cell_F
img_010470,cell_E
img_005136,cell_E
img_015035,cell_B
img_008860,cell_C
img_001287,cell_B
img_012094,cell_F
img_004785,cell_C
img_017021,cell_B
img_014375,cell_B
img_005576,cell_C
img_009013,cell_B
img_013923,cell_A
img_002934,cell_A
img_004823,cell_A
img_010283,cell_G
img_010610,cell_E
img_016577,cell_H
img_007988,cell_C
img_013603,cell_B
img_015162,cell_D
img_003579,cell_B
img_016215,cell_F
img_007402,cell_B
img_013205,cell_B
img_003397,cell_C
img_000951,cell_F
img_016299,cell_C
img_001963,cell_C
img_004394,cell_F
img_002883,cell_A
img_002424,cell_H
img_005115,cell_A
img_006210,cell_C
img_007007,cell_B
img_002285,cell_A
img_007155,cell_C
img_004696,cell_A
img_010210,cell_F
img_007891,cell_F
img_009126,cell_B
img_016593,cell_E
img_009763,cell_C
img_013132,cell_D
img_014584,cell_C
img_008265,cell_H
img_000511,cell_E
img_009731,cell_F
img_016910,cell_F
img_008654,cell_E
img_016896,cell_D
img_007835,cell_G
img_009900,cell_E
img_012854,cell_F
img_001717,cell_H
img_012303,cell_B
img_009945,cell_C
img_015403,cell_A
img_006668,cell_B
img_001846,cell_B
img_009136,cell_C
img_000919,cell_C
img_013638,cell_A
img_003443,cell_A
img_007571,cell_F
img_014252,cell_E
img_016413,cell_C
img_000678,cell_B
img_001320,cell_A
img_015040,cell_C
img_013466,cell_C
img_001283,cell_E
img_012535,cell_C
img_009297,cell_G
img_002038,cell_C
img_004297,cell_B
img_012216,cell_C
img_003070,cell_A
img_015446,cell_F
img_011518,cell_H
img_013628,cell_B
img_017052,cell_H
img_002330,cell_G
img_006132,cell_A
img_014387,cell_F
img_005440,cell_F
img_004649,cell_C
img_008613,cell_C
img_004937,cell_C
img_007519,cell_G
img_006048,cell_C
img_001816,cell_C
img_007941,cell_D
img_011275,cell_G
img_012950,cell_A
img_014464,cell_C
img_011546,cell_D
img_004378,cell_B
img_007458,cell_F
img_015928,cell_C
img_000360,cell_B
img_014044,cell_G
img_012666,cell_B
img_003741,cell_E
img_003886,cell_B
img_000836,cell_A
img_010936,cell_C
img_016386,cell_D
img_014807,cell_B
img_010145,cell_D
img_005524,cell_B
img_005417,cell_D
img_006752,cell_B
img_016734,cell_D
img_013345,cell_C
img_013018,cell_C
img_003963,cell_D
img_005558,cell_F
img_015705,cell_D
img_007060,cell_C
img_006592,cell_F
img_014638,cell_C
img_001982,cell_E
img_007001,cell_B
img_004106,cell_A
img_012852,cell_H
img_001023,cell_F
img_012981,cell_D
img_007583,cell_H
img_002644,cell_B
img_009985,cell_H
img_015068,cell_G
img_013888,cell_E
img_000956,cell_A
img_013502,cell_F
img_006701,cell_F
img_007057,cell_D
img_003653,cell_D
img_003030,cell_C
img_004671,cell_G
img_008755,cell_A
img_011331,cell_C
img_006071,cell_F
img_006528,cell_E
img_012438,cell_F
img_006498,cell_A
img_016108,cell_A
img_006452,cell_B
img_013450,cell_A
img_002562,cell_A
img_011718,cell_F
img_001578,cell_A
img_003944,cell_C
img_013844,cell_F
img_004068,cell_C
img_001363,cell_B
img_017015,cell_H
img_007300,cell_B
img_009888,cell_C
img_012078,cell_G
img_010995,cell_F
img_009846,cell_A
img_009089,cell_C
img_011294,cell_D
img_011147,cell_B
img_002852,cell_E
img_001522,cell_E
img_010666,cell_C
img_016727,cell_C
img_005275,cell_G
img_013932,cell_A
img_005758,cell_D
img_006598,cell_B
img_008245,cell_H
img_002056,cell_D
img_004031,cell_E
img_005442,cell_F
img_016526,cell_F
img_004258,cell_H
img_002995,cell_A
img_011315,cell_B
img_011896,cell_F
img_001226,cell_H
img_013732,cell_B
img_016320,cell_D
img_011194,cell_F
img_014764,cell_B
img_006839,cell_A
img_014864,cell_B
img_002876,cell_F
img_007364,cell_F
img_009822,cell_B
img_009583,cell_A
img_013584,cell_F
img_012476,cell_F
img_009327,cell_C
img_016304,cell_H
img_008167,cell_B
img_008562,cell_F
img_015580,cell_B
img_016542,cell_B
img_011235,cell_A
img_009588,cell_A
img_005649,cell_B
img_003818,cell_A
img_013499,cell_F
img_003105,cell_H
img_003434,cell_E
img_012379,cell_B
img_001148,cell_C
img_001995,cell_B
img_010284,cell_C
img_003570,cell_C
img_004471,cell_A
img_004536,cell_H
img_003292,cell_D
img_002767,cell_D
img_002917,cell_H
img_013963,cell_B
img_002950,cell_F
img_000943,cell_F
img_000801,cell_B
img_011506,cell_A
img_003208,cell_G
img_002335,cell_E
img_011197,cell_C
img_008373,cell_C
img_014368,cell_C
img_010546,cell_G
img_006254,cell_B
img_016432,cell_E
img_007785,cell_D
img_016630,cell_F
img_013858,cell_G
img_011891,cell_D
img_016786,cell_H
img_001684,cell_F
img_007938,cell_F
img_015535,cell_B
img_010381,cell_G
img_007388,cell_D
img_003021,cell_C
img_010832,cell_F
img_009662,cell_B
img_008018,cell_G
img_015798,cell_A
img_000176,cell_B
img_014075,cell_C
img_006158,cell_C
img_016566,cell_A
img_008155,cell_C
img_007906,cell_C
img_009055,cell_F
img_004727,cell_H
img_002262,cell_A
img_010162,cell_D
img_004452,cell_B
img_009072,cell_F
img_006835,cell_F
img_003877,cell_B
img_003146,cell_H
img_014426,cell_F
img_015801,cell_A
img_016422,cell_F
img_011875,cell_C
img_006145,cell_B
img_005696,cell_B
img_016716,cell_B
img_012464,cell_F
img_013468,cell_B
img_000119,cell_D
img_003708,cell_G
img_015985,cell_A
img_008011,cell_E
img_012018,cell_H
img_001049,cell_E
img_016588,cell_H
img_005173,cell_D
img_003095,cell_F
img_001559,cell_B
img_013358,cell_A
img_009300,cell_D
img_016242,cell_D
img_011789,cell_G
img_004657,cell_F
img_012351,cell_G
img_015652,cell_C
img_000326,cell_F
img_001071,cell_B
img_010908,cell_D
img_006642,cell_F
img_002288,cell_H
img_002405,cell_G
img_001916,cell_A
img_000276,cell_E
img_004385,cell_D
img_015684,cell_C
img_013042,cell_C
img_016078,cell_C
img_000076,cell_A
img_005451,cell_F
img_007543,cell_C
img_001181,cell_D
img_007488,cell_E
img_010836,cell_A
img_016356,cell_G
img_007148,cell_F
img_014018,cell_D
img_014205,cell_E
img_011613,cell_D
img_013999,cell_A
img_016873,cell_F
img_005277,cell_B
img_011242,cell_G
img_008282,cell_C
img_007826,cell_C
img_009599,cell_F
img_003510,cell_F
img_008843,cell_B
img_016973,cell_C
img_002389,cell_B
img_016958,cell_C
img_005252,cell_C
img_014858,cell_H
img_007866,cell_A
img_013016,cell_F
img_004812,cell_B
img_004543,cell_C
img_002596,cell_F
img_015380,cell_A
img_000934,cell_F
img_007267,cell_D
img_010247,cell_H
img_003640,cell_F
img_011333,cell_G
img_015060,cell_E
img_003376,cell_F
img_004722,cell_B
img_017069,cell_D
img_001619,cell_C
img_006276,cell_F
img_006585,cell_E
img_014813,cell_C
img_007467,cell_F
img_016937,cell_B
img_015642,cell_B
img_004395,cell_F
img_008081,cell_C
img_004799,cell_F
img_015716,cell_C
img_009357,cell_E
img_004977,cell_E
img_002015,cell_C
img_006473,cell_B
img_001935,cell_C
img_006004,cell_C
img_005683,cell_E
img_015385,cell_D
img_007670,cell_B
img_011600,cell_F
img_002679,cell_D
img_016081,cell_E
img_002108,cell_C
img_017088,cell_H
img_012932,cell_F
img_014698,cell_C
img_015830,cell_C
img_012313,cell_H
img_001532,cell_A
img_000190,cell_C
img_008152,cell_B
img_012449,cell_H
img_011427,cell_C
img_010065,cell_F
img_008725,cell_C
img_001352,cell_E
img_003421,cell_C
img_014287,cell_B
img_002077,cell_C
img_005830,cell_G
img_002740,cell_D
img_016919,cell_B
img_016352,cell_F
img_003396,cell_C
img_000949,cell_F
img_004371,cell_D
img_010849,cell_E
img_010632,cell_C
img_008369,cell_H
img_013545,cell_H
img_005383,cell_C
img_008699,cell_H
img_002020,cell_C
img_004875,cell_H
img_011300,cell_F
img_007728,cell_C
img_001847,cell_D
img_015346,cell_E
img_012924,cell_G
img_016220,cell_C
img_001768,cell_B
img_002716,cell_B
img_008737,cell_E
img_010981,cell_G
img_011884,cell_C
img_002334,cell_C
img_001854,cell_C
img_001335,cell_D
img_011738,cell_F
img_010599,cell_G
img_014296,cell_B
img_012349,cell_A
img_002520,cell_B
img_007244,cell_A
img_004849,cell_A
img_006196,cell_F
img_002770,cell_H
img_015989,cell_F
img_004022,cell_A
img_014951,cell_C
img_012660,cell_C
img_010361,cell_C
img_002256,cell_H
img_004687,cell_E
img_005101,cell_A
img_009308,cell_B
img_016216,cell_C
img_004566,cell_B
img_009484,cell_F
img_001632,cell_C
img_011439,cell_A
img_003995,cell_D
img_011372,cell_B
img_006731,cell_G
img_016952,cell_G
img_016321,cell_A
img_010844,cell_F
img_008211,cell_D
img_005765,cell_B
img_004622,cell_C
img_009122,cell_C
img_005715,cell_A
img_015138,cell_H
img_014246,cell_A
img_000812,cell_B
img_000539,cell_F
img_007365,cell_G
img_007311,cell_A
img_013090,cell_F
img_001072,cell_B
img_000686,cell_E
img_015660,cell_F
img_016315,cell_D
img_016336,cell_F
img_010683,cell_E
img_013458,cell_C
img_012931,cell_E
img_017032,cell_F
img_003046,cell_B
img_007754,cell_A
img_002806,cell_A
img_008055,cell_A
img_015515,cell_F
img_005433,cell_B
img_004119,cell_D
img_009206,cell_B
img_000135,cell_C
img_000336,cell_G
img_011126,cell_H
img_015672,cell_B
img_013331,cell_F
img_003306,cell_D
img_002387,cell_B
img_000989,cell_B
img_003620,cell_C
img_007893,cell_B
img_002956,cell_F
img_011477,cell_C
img_000866,cell_C
img_001443,cell_B
img_003697,cell_F
img_012110,cell_C
img_015994,cell_F
img_013245,cell_H
img_002021,cell_F
img_010702,cell_B
img_004982,cell_A
img_009006,cell_F
img_013441,cell_B
img_002802,cell_C
img_012942,cell_B
img_000160,cell_D
img_001525,cell_D
img_005894,cell_F
img_013480,cell_B
img_013496,cell_B
img_015507,cell_C
img_006478,cell_F
img_010350,cell_C
img_010673,cell_A
img_004346,cell_D
img_004602,cell_F
img_016881,cell_G
img_010922,cell_D
img_012265,cell_F
img_007157,cell_D
img_009976,cell_B
img_005260,cell_C
img_016842,cell_A
img_013700,cell_E
img_002820,cell_E
img_003816,cell_A
img_004313,cell_E
img_012375,cell_E
img_006795,cell_G
img_011412,cell_A
img_001699,cell_B
img_010597,cell_F
img_008058,cell_B
img_009918,cell_B
img_009451,cell_F
img_001276,cell_D
img_002577,cell_G
img_007807,cell_A
img_004673,cell_C
img_003145,cell_E
img_013282,cell_A
img_005076,cell_A
img_005769,cell_A
img_016387,cell_G
img_015018,cell_D
img_009957,cell_D
img_008278,cell_B
img_004838,cell_D
img_002215,cell_F
img_014420,cell_C
img_000140,cell_F
img_011269,cell_H
img_004298,cell_F
img_005054,cell_F
img_009803,cell_D
img_015772,cell_C
img_014247,cell_F
img_002042,cell_B
img_010014,cell_C
img_000436,cell_B
img_012415,cell_F
img_003491,cell_F
img_004216,cell_B
img_016261,cell_C
img_010593,cell_F
img_010386,cell_F
img_004261,cell_H
img_015468,cell_B
img_005133,cell_H
img_010320,cell_A
img_003061,cell_E
img_006443,cell_D
img_004140,cell_B
img_016447,cell_H
img_013948,cell_H
img_003819,cell_B
img_013522,cell_F
img_005278,cell_C
img_004060,cell_G
img_005747,cell_C
img_016779,cell_A
img_004917,cell_F
img_001870,cell_F
img_004383,cell_B
img_009672,cell_E
img_016818,cell_G
img_016350,cell_H
img_012083,cell_C
img_007834,cell_B
img_002106,cell_A
img_003057,cell_H
img_014416,cell_H
img_009454,cell_A
img_008050,cell_C
img_011296,cell_C
img_000309,cell_F
img_009929,cell_B
img_013687,cell_C
img_013463,cell_D
img_012187,cell_F
img_006818,cell_H
img_016390,cell_G
img_000585,cell_A
img_013228,cell_F
img_016590,cell_D
img_004200,cell_C
img_013569,cell_B
img_014597,cell_F
img_014912,cell_G
img_003310,cell_C
img_000101,cell_E
img_016393,cell_C
img_015005,cell_C
img_001223,cell_A
img_015270,cell_D
img_000449,cell_C
img_000727,cell_C
img_003188,cell_B
img_005542,cell_F
img_007130,cell_C
img_008445,cell_D
img_009301,cell_G
img_002135,cell_D
img_007099,cell_B
img_013624,cell_H
img_007943,cell_D
img_012864,cell_B
img_002996,cell_F
img_009940,cell_F
img_011431,cell_E
img_009833,cell_F
img_001182,cell_C
img_007409,cell_D
img_000469,cell_A
img_016854,cell_F
img_013546,cell_F
img_016941,cell_C
img_010424,cell_F
img_015524,cell_C
img_009125,cell_F
img_011524,cell_C
img_013577,cell_F
img_011972,cell_F
img_013809,cell_C
img_008247,cell_C
img_006279,cell_G
img_015102,cell_F
img_013776,cell_A
img_008398,cell_D
img_002072,cell_F
img_009490,cell_B
img_005472,cell_F
img_002958,cell_A
img_008802,cell_C
img_000843,cell_B
img_014772,cell_B
img_006468,cell_A
img_001900,cell_C
img_000407,cell_B
img_004210,cell_F
img_005486,cell_F
img_010640,cell_F
img_014658,cell_G
img_000414,cell_C
img_003262,cell_E
img_010434,cell_A
img_015363,cell_F
img_002795,cell_G
img_001215,cell_D
img_013060,cell_C
img_003073,cell_G
img_007791,cell_C
img_002665,cell_D
img_000048,cell_E
img_004465,cell_B
img_013047,cell_F
img_009503,cell_F
img_013848,cell_H
img_001403,cell_B
img_009699,cell_E
img_006464,cell_E
img_004702,cell_B
img_006793,cell_C
img_004367,cell_C
img_016659,cell_C
img_003933,cell_C
img_004803,cell_B
img_003122,cell_H
img_004618,cell_C
img_003722,cell_F
img_002897,cell_C
img_016513,cell_B
img_016567,cell_D
img_009735,cell_F
img_009405,cell_B
img_017054,cell_A
img_012883,cell_A
img_015016,cell_G
img_009863,cell_D
img_009816,cell_F
img_012129,cell_B
img_016437,cell_B
img_013128,cell_C
img_005466,cell_F
img_003163,cell_B
img_003371,cell_A
img_014342,cell_B
img_013347,cell_E
img_004156,cell_A
img_010521,cell_B
img_002139,cell_D
img_003919,cell_A
img_002585,cell_E
img_015980,cell_F
img_016789,cell_B
img_016677,cell_C
img_006828,cell_C
img_016644,cell_B
img_012708,cell_H
img_005347,cell_H
img_011309,cell_C
img_000447,cell_B
img_009494,cell_C
img_000315,cell_G
img_010345,cell_F
img_016152,cell_G
img_009079,cell_A
img_002326,cell_B
img_013891,cell_F
img_011462,cell_A
img_011184,cell_A
img_004840,cell_F
img_015813,cell_F
img_007485,cell_A
img_011016,cell_B
img_008467,cell_F
img_000319,cell_A
img_004619,cell_E
img_000343,cell_H
img_008995,cell_E
img_003411,cell_B
img_016993,cell_B
img_016669,cell_F
img_005020,cell_A
img_011763,cell_C
img_004887,cell_G
img_000830,cell_F
img_012753,cell_B
img_003005,cell_A
img_013801,cell_E
img_016421,cell_F
img_014825,cell_A
img_014559,cell_H
img_016811,cell_E
img_014324,cell_A
img_007237,cell_D
img_003147,cell_F
img_015175,cell_H
img_010497,cell_B
img_000153,cell_C
img_003240,cell_C
img_008745,cell_D
img_007823,cell_H
img_005107,cell_A
img_007966,cell_G
img_000202,cell_F
img_010091,cell_E
img_013652,cell_F
img_013723,cell_D
img_013424,cell_B
img_004354,cell_A
img_013748,cell_A
img_004610,cell_C
img_003058,cell_C
img_016374,cell_E
img_003495,cell_H
img_002401,cell_C
img_009025,cell_F
img_011727,cell_C
img_007454,cell_B
img_016906,cell_B
img_005445,cell_B
img_016821,cell_B
img_003863,cell_H
img_011150,cell_F
img_015123,cell_B
img_007972,cell_A
img_004631,cell_G
img_005605,cell_D
img_011312,cell_D
img_016011,cell_F
img_000592,cell_B
img_010789,cell_B
img_004643,cell_G
img_016628,cell_B
img_007833,cell_A
img_003626,cell_A
img_002078,cell_G
img_010371,cell_B
img_012448,cell_F
img_013140,cell_A
img_014856,cell_B
img_012318,cell_C
img_005269,cell_A
img_005755,cell_D
img_005105,cell_D
img_010307,cell_B
img_010298,cell_B
img_011867,cell_F
img_015174,cell_F
img_005111,cell_F
img_000459,cell_D
img_015084,cell_D
img_010945,cell_B
img_003928,cell_B
img_012906,cell_G
img_013287,cell_D
img_007932,cell_D
img_010547,cell_A
img_014670,cell_A
img_011665,cell_E
img_006995,cell_A
img_003711,cell_D
img_009440,cell_G
img_006166,cell_C
img_005309,cell_C
img_014839,cell_H
img_008189,cell_G
img_013021,cell_A
img_011501,cell_B
img_008528,cell_C
img_007968,cell_E
img_013455,cell_C
img_005529,cell_G
img_000209,cell_C
img_003221,cell_C
img_006629,cell_C
img_014066,cell_B
img_006649,cell_B
img_002524,cell_H
img_012818,cell_H
img_015000,cell_D
img_016127,cell_E
img_006757,cell_D
img_014036,cell_C
img_003503,cell_C
img_011980,cell_A
img_003233,cell_C
img_006867,cell_A
img_016252,cell_D
img_011808,cell_C
img_006341,cell_F
img_008769,cell_E
img_011449,cell_B
img_008104,cell_F
img_000899,cell_D
img_013947,cell_A
img_013611,cell_A
img_008954,cell_F
img_002691,cell_H
img_002495,cell_F
img_015999,cell_E
img_009635,cell_F
img_002864,cell_D
img_000707,cell_B
img_003141,cell_F
img_004396,cell_C
img_012475,cell_H
img_007847,cell_F
img_004652,cell_G
img_013198,cell_G
img_006697,cell_A
img_003851,cell_B
img_014728,cell_H
img_006175,cell_C
img_004077,cell_B
img_000148,cell_A
img_009951,cell_H
img_001166,cell_G
img_014578,cell_B
img_008304,cell_C
img_014945,cell_F
img_014155,cell_C
img_007042,cell_D
img_004046,cell_C
img_010480,cell_C
img_004426,cell_F
img_015364,cell_F
img_014693,cell_A
img_003230,cell_H
img_000535,cell_E
img_014689,cell_G
img_004329,cell_C
img_001241,cell_G
img_016494,cell_C
img_003253,cell_D
img_002263,cell_C
img_006178,cell_C
img_011305,cell_D
img_003420,cell_C
img_005926,cell_A
img_010019,cell_H
img_016562,cell_A
img_005838,cell_B
img_009472,cell_A
img_006612,cell_C
img_015838,cell_C
img_007375,cell_F
img_002987,cell_F
img_015242,cell_H
img_010344,cell_E
img_002447,cell_D
img_016625,cell_D
img_011500,cell_B
img_000880,cell_B
img_015427,cell_H
img_015292,cell_C
img_003882,cell_F
img_010042,cell_E
img_013911,cell_D
img_000372,cell_F
img_012293,cell_B
img_011928,cell_F
img_013973,cell_H
img_008720,cell_C
img_002974,cell_D
img_000345,cell_D
img_015139,cell_G
img_014637,cell_F
img_012142,cell_A
img_014408,cell_B
img_000848,cell_B
img_004326,cell_E
img_010476,cell_A
img_003350,cell_F
img_009517,cell_B
img_012209,cell_E
img_007643,cell_H
img_008076,cell_C
img_013576,cell_A
img_004492,cell_F
img_014933,cell_A
img_001252,cell_C
img_005586,cell_B
img_016133,cell_G
img_011246,cell_H
img_005171,cell_E
img_014171,cell_C
img_012505,cell_B
img_011772,cell_G
img_005974,cell_B
img_013031,cell_G
img_006080,cell_B
img_015585,cell_A
img_002349,cell_C
img_015193,cell_F
img_003892,cell_F
img_006702,cell_D
img_014333,cell_C
img_014120,cell_H
img_000384,cell_H
img_002555,cell_D
img_010007,cell_D
img_016870,cell_H
img_012074,cell_B
img_007266,cell_C
img_009643,cell_H
img_003237,cell_F
img_016924,cell_F
img_010992,cell_A
img_014029,cell_F
img_015091,cell_D
img_005168,cell_C
img_006363,cell_A
img_015560,cell_B
img_011756,cell_F
img_005956,cell_G
img_010901,cell_B
img_009174,cell_H
img_012510,cell_C
img_015655,cell_B
img_002560,cell_F
img_011632,cell_F
img_006405,cell_C
img_007913,cell_F
img_008739,cell_F
img_014295,cell_H
img_004924,cell_H
img_004980,cell_A
img_014193,cell_H
img_010560,cell_D
img_001077,cell_G
img_016227,cell_B
img_005412,cell_F
img_006675,cell_A
img_014469,cell_A
img_009678,cell_D
img_015006,cell_B
img_015151,cell_F
img_012482,cell_F
img_000939,cell_C
img_006870,cell_D
img_005027,cell_D
img_003765,cell_C
img_005551,cell_A
img_009717,cell_F
img_015378,cell_B
img_008433,cell_F
img_014773,cell_E
img_010225,cell_A
img_002016,cell_B
img_006241,cell_F
img_008410,cell_F
img_013465,cell_H
img_011778,cell_D
img_004355,cell_A
img_007212,cell_F
img_013053,cell_F
img_013709,cell_B
img_015395,cell_C
img_003891,cell_B
img_005900,cell_C
img_004761,cell_C
img_016483,cell_F
img_014847,cell_C
img_015306,cell_A
img_011906,cell_C
img_000325,cell_E
img_002659,cell_C
img_001792,cell_F
img_000905,cell_B
img_011349,cell_E
img_014934,cell_C
img_008714,cell_C
img_013048,cell_B
img_014078,cell_F
img_014506,cell_C
img_009356,cell_C
img_016288,cell_B
img_008126,cell_F
img_005116,cell_F
img_000470,cell_D
img_005255,cell_A
img_001887,cell_G
img_002979,cell_H
img_004497,cell_H
img_000490,cell_B
img_006505,cell_B
img_003798,cell_A
img_000543,cell_G
img_009083,cell_B
img_011556,cell_E
img_004975,cell_B
img_001272,cell_B
img_011690,cell_A
img_007382,cell_E
img_000780,cell_F
img_005327,cell_B
img_004577,cell_F
img_011708,cell_B
img_000463,cell_B
img_010740,cell_F
img_004511,cell_F
img_002809,cell_C
img_013019,cell_C
img_007069,cell_E
img_004017,cell_B
img_008192,cell_D
img_007630,cell_C
img_014216,cell_C
img_010072,cell_C
img_014050,cell_A
img_015543,cell_B
img_005707,cell_B
img_004983,cell_B
img_011732,cell_F
img_005991,cell_C
img_001484,cell_C
img_003513,cell_B
img_001729,cell_A
img_016985,cell_A
img_013604,cell_F
img_013191,cell_G
img_016142,cell_D
img_013794,cell_F
img_010607,cell_B
img_007046,cell_B
img_008967,cell_E
img_000320,cell_H
img_004352,cell_D
img_000533,cell_E
img_002681,cell_B
img_013177,cell_H
img_010363,cell_A
img_011236,cell_D
img_016112,cell_C
img_012030,cell_C
img_003521,cell_H
img_012865,cell_C
img_004496,cell_H
img_013254,cell_B
img_007002,cell_H
img_009851,cell_C
img_011841,cell_A
img_006581,cell_B
img_002241,cell_D
img_013549,cell_B
img_000864,cell_E
img_008176,cell_F
img_016875,cell_A
img_003501,cell_C
img_004569,cell_A
img_015486,cell_F
img_005045,cell_C
img_007444,cell_A
img_009573,cell_B
img_004024,cell_D
img_000532,cell_D
img_009488,cell_D
img_016138,cell_H
img_006803,cell_H
img_011076,cell_E
img_007617,cell_D
img_004534,cell_B
img_004486,cell_F
img_003795,cell_G
img_016450,cell_G
img_003527,cell_C
img_011976,cell_D
img_011446,cell_E
img_004224,cell_F
img_005574,cell_E
img_014335,cell_F
img_014612,cell_C
img_001890,cell_C
img_004341,cell_D
img_013124,cell_C
img_008751,cell_E
img_010851,cell_A
img_009448,cell_H
img_012566,cell_C
img_011650,cell_A
img_016091,cell_D
img_008000,cell_F
img_006777,cell_F
img_000347,cell_H
img_006446,cell_F
img_005423,cell_E
img_003822,cell_E
img_013635,cell_D
img_009112,cell_B
img_008949,cell_C
img_003754,cell_F
img_015887,cell_F
img_000425,cell_D
img_013781,cell_B
img_014374,cell_C
img_009827,cell_F
img_015141,cell_B
img_010039,cell_A
img_016069,cell_F
img_013685,cell_A
img_007777,cell_A
img_009475,cell_B
img_012561,cell_C
img_015621,cell_F
img_015406,cell_A
img_002228,cell_F
img_001655,cell_E
img_000219,cell_F
img_003014,cell_C
img_003353,cell_C
img_015167,cell_F
img_016887,cell_F
img_008982,cell_C
img_000740,cell_A
img_013494,cell_G
img_007924,cell_A
img_013746,cell_A
img_012956,cell_C
img_003445,cell_F
img_011495,cell_D
img_009150,cell_F
img_012882,cell_H
img_010419,cell_A
img_002581,cell_B
img_011605,cell_H
img_000753,cell_B
img_014890,cell_B
img_006449,cell_G
img_016777,cell_C
img_003351,cell_A
img_014067,cell_F
img_011725,cell_F
img_002011,cell_H
img_013100,cell_B
img_008193,cell_B
img_005986,cell_C
img_005560,cell_B
img_004556,cell_H
img_012106,cell_C
img_003517,cell_E
img_011292,cell_H
img_010955,cell_F
img_016775,cell_G
img_016476,cell_A
img_012577,cell_F
img_005040,cell_B
img_015530,cell_F
img_001216,cell_D
img_015417,cell_C
img_002132,cell_G
img_010674,cell_H
img_015316,cell_G
img_001380,cell_G
img_014808,cell_A
img_016788,cell_F
img_002009,cell_C
img_000052,cell_G
img_008744,cell_C
img_014158,cell_G
img_012471,cell_B
img_000793,cell_A
img_013324,cell_B
img_009210,cell_F
img_016264,cell_F
img_016977,cell_C
img_000684,cell_C
img_013799,cell_F
img_003790,cell_E
img_005284,cell_G
img_008686,cell_B
img_013292,cell_E
img_005321,cell_A
img_009179,cell_A
img_003302,cell_A
img_000180,cell_B
img_005184,cell_C
img_004177,cell_B
img_016728,cell_G
img_013049,cell_F
img_014168,cell_B
img_004384,cell_E
img_016143,cell_H
img_009912,cell_C
img_006481,cell_C
img_016732,cell_D
img_002651,cell_C
img_006872,cell_F
img_001323,cell_D
img_004026,cell_H
img_005186,cell_F
img_001434,cell_D
img_002826,cell_H
img_007970,cell_B
img_002534,cell_F
img_012732,cell_H
img_013935,cell_G
img_008966,cell_B
img_002368,cell_H
img_000981,cell_F
img_010066,cell_E
img_012929,cell_A
img_014401,cell_C
img_014925,cell_C
img_012423,cell_A
img_011063,cell_B
img_013874,cell_D
img_001344,cell_B
img_002753,cell_H
img_011713,cell_C
img_015350,cell_E
img_001264,cell_C
img_007484,cell_A
img_001709,cell_H
img_011759,cell_C
img_005496,cell_G
img_009181,cell_H
img_008790,cell_A
img_003551,cell_C
img_017058,cell_B
img_006823,cell_H
img_013426,cell_B
img_009435,cell_A
img_008764,cell_F
img_011623,cell_C
img_008838,cell_E
img_015439,cell_D
img_011660,cell_B
img_016129,cell_F
img_007109,cell_F
img_006223,cell_B
img_013507,cell_F
img_005330,cell_B
img_003323,cell_H
img_016701,cell_E
img_009696,cell_A
img_008016,cell_F
img_010892,cell_F
img_000476,cell_H
img_006740,cell_G
img_013372,cell_E
img_010232,cell_B
img_006713,cell_D
img_014840,cell_F
img_016008,cell_A
img_005225,cell_A
img_008476,cell_C
img_010802,cell_G
img_016702,cell_C
img_015931,cell_B
img_009831,cell_B
img_010788,cell_A
img_009719,cell_E
img_007482,cell_B
img_007836,cell_A
img_009680,cell_B
img_016939,cell_C
img_015983,cell_B
img_001405,cell_F
img_002125,cell_E
img_013702,cell_F
img_016213,cell_C
img_001538,cell_H
img_006182,cell_B
img_016131,cell_B
img_006413,cell_G
img_009649,cell_F
img_007796,cell_C
img_015133,cell_B
img_012197,cell_G
img_011115,cell_F
img_014833,cell_B
img_000380,cell_G
img_009843,cell_B
img_009059,cell_F
img_013020,cell_B
img_010796,cell_F
img_001230,cell_A
img_015188,cell_B
img_000348,cell_A
img_007727,cell_G
img_005925,cell_C
img_012419,cell_F
img_008713,cell_D
img_007768,cell_G
img_005288,cell_F
img_000637,cell_D
img_011931,cell_H
img_000370,cell_C
img_014740,cell_D
img_013609,cell_G
img_014495,cell_E
img_012867,cell_A
img_007572,cell_B
img_004962,cell_B
img_004585,cell_H
img_011535,cell_F
img_003259,cell_A
img_015421,cell_C
img_002406,cell_F
img_011447,cell_C
img_016024,cell_F
img_000270,cell_A
img_012500,cell_E
img_002049,cell_C
img_003625,cell_G
img_008960,cell_C
img_015702,cell_H
img_004766,cell_C
img_003803,cell_F
img_001523,cell_D
img_010031,cell_A
img_014602,cell_C
img_008602,cell_H
img_010303,cell_G
img_004003,cell_A
img_000333,cell_B
img_008705,cell_B
img_003669,cell_G
img_007251,cell_E
img_015212,cell_D
img_013235,cell_C
img_003732,cell_C
img_013396,cell_B
img_001058,cell_C
img_005301,cell_F
img_005236,cell_H
img_000453,cell_C
img_000350,cell_A
img_003836,cell_F
img_013805,cell_C
img_000434,cell_C
img_005008,cell_B
img_014838,cell_F
img_001243,cell_D
img_008259,cell_D
img_016441,cell_D
img_004878,cell_D
img_007801,cell_C
img_011215,cell_C
img_003364,cell_H
img_013408,cell_B
img_014004,cell_G
img_002315,cell_B
img_005420,cell_H
img_005350,cell_A
img_001438,cell_D
img_003285,cell_E
img_001560,cell_D
img_007712,cell_E
img_002557,cell_E
img_000920,cell_A
img_012280,cell_E
img_009611,cell_D
img_000892,cell_A
img_008436,cell_D
img_015893,cell_B
img_002019,cell_E
img_003638,cell_C
img_011982,cell_B
img_006021,cell_G
img_015756,cell_C
img_015330,cell_C
img_007047,cell_D
img_014086,cell_C
img_016974,cell_F
img_006939,cell_A
img_010653,cell_B
img_001142,cell_G
img_011872,cell_F
img_012213,cell_B
img_010569,cell_C
img_012557,cell_A
img_006066,cell_A
img_013824,cell_H
img_003391,cell_E
img_012846,cell_C
img_009529,cell_F
img_001956,cell_D
img_008571,cell_G
img_007977,cell_C
img_009739,cell_C
img_011932,cell_C
img_016021,cell_B
img_011591,cell_A
img_004144,cell_B
img_014049,cell_C
img_005637,cell_F
img_012946,cell_F
img_011441,cell_G
img_009461,cell_E
img_005557,cell_B
img_016051,cell_B
img_015600,cell_H
img_007534,cell_H
img_004956,cell_B
img_014496,cell_C
img_004572,cell_B
img_014143,cell_A
img_004165,cell_D
img_004294,cell_A
img_014878,cell_G
img_009634,cell_C
img_007922,cell_C
img_006250,cell_C
img_012181,cell_A
img_007669,cell_C
img_014702,cell_F
img_006664,cell_G
img_013803,cell_F
img_017091,cell_A
img_013841,cell_F
img_004953,cell_F
img_004445,cell_E
img_014448,cell_F
img_007965,cell_B
img_001191,cell_F
img_002242,cell_A
img_005920,cell_C
img_014148,cell_H
img_016308,cell_C
img_006896,cell_C
img_003273,cell_D
img_005117,cell_B
img_002287,cell_E
img_015135,cell_A
img_015289,cell_D
img_012363,cell_A
img_016700,cell_F
img_002799,cell_D
img_011870,cell_C
img_003295,cell_D
img_002522,cell_F
img_016524,cell_G
img_014134,cell_B
img_016052,cell_F
img_003876,cell_A
img_010087,cell_G
img_004019,cell_C
img_011580,cell_A
img_004759,cell_B
img_005537,cell_H
img_011601,cell_F
img_005870,cell_A
img_007347,cell_F
img_008933,cell_F
img_004143,cell_C
img_004815,cell_E
img_015408,cell_H
img_016822,cell_G
img_005694,cell_B
img_006017,cell_C
img_012096,cell_H
img_010576,cell_A
img_014343,cell_C
img_002909,cell_A
img_006525,cell_H
img_005539,cell_H
img_010541,cell_A
img_016140,cell_A
img_000397,cell_C
img_006335,cell_A
img_000689,cell_C
img_007711,cell_B
img_012429,cell_F
img_007756,cell_D
img_012331,cell_F
img_010080,cell_D
img_016981,cell_F
img_015231,cell_B
img_014636,cell_D
img_003964,cell_B
img_000089,cell_C
img_003101,cell_C
img_007558,cell_E
img_010253,cell_C
img_015957,cell_D
img_006366,cell_A
img_003870,cell_B
img_010511,cell_C
img_008007,cell_H
img_015190,cell_B
img_012547,cell_B
img_013962,cell_E
img_000193,cell_A
img_012803,cell_H
img_011798,cell_C
img_008531,cell_A
img_013779,cell_A
img_009639,cell_B
img_013528,cell_C
img_007380,cell_C
img_013885,cell_C
img_014859,cell_A
img_000231,cell_E
img_000581,cell_E
img_016093,cell_D
img_009476,cell_G
img_015088,cell_E
img_007886,cell_C
img_015301,cell_C
img_008226,cell_D
img_003475,cell_C
img_009430,cell_F
img_003840,cell_E
img_003167,cell_G
img_003258,cell_B
img_013919,cell_E
img_007474,cell_B
img_010685,cell_A
img_014557,cell_G
img_002866,cell_C
img_004483,cell_A
img_002102,cell_E
img_012161,cell_B
img_010795,cell_A
img_006856,cell_H
img_015277,cell_B
img_008543,cell_C
img_006537,cell_A
img_002731,cell_F
img_008161,cell_F
img_010027,cell_A
img_001418,cell_H
img_009386,cell_H
img_005154,cell_A
img_011569,cell_H
img_006119,cell_F
img_016972,cell_C
img_014826,cell_D
img_010442,cell_C
img_015954,cell_E
img_009000,cell_A
img_000991,cell_A
img_008753,cell_C
img_007545,cell_D
img_016978,cell_D
img_014059,cell_B
img_010969,cell_F
img_010348,cell_A
img_016510,cell_F
img_016497,cell_H
img_017076,cell_C
img_012036,cell_A
img_008372,cell_E
img_002085,cell_C
img_016157,cell_F
img_008042,cell_B
img_008836,cell_A
img_016125,cell_C
img_014872,cell_H
img_002586,cell_F
img_008449,cell_A
img_011476,cell_G
img_002608,cell_B
img_007066,cell_H
img_000007,cell_C
img_000929,cell_B
img_007410,cell_C
img_006920,cell_D
img_013417,cell_C
img_003532,cell_B
img_007877,cell_B
img_007820,cell_C
img_014162,cell_H
img_008814,cell_F
img_007011,cell_G
img_006923,cell_C
img_006878,cell_F
img_005461,cell_D
img_014440,cell_C
img_000355,cell_F
img_009439,cell_C
img_009885,cell_C
img_013503,cell_B
img_005891,cell_F
img_015487,cell_B
img_000078,cell_E
img_006497,cell_D
img_007435,cell_C
img_006361,cell_G
img_011995,cell_D
img_016458,cell_D
img_016369,cell_C
img_009963,cell_F
img_005464,cell_F
img_010960,cell_F
img_001833,cell_E
img_004606,cell_H
img_015740,cell_C
img_016222,cell_C
img_007172,cell_F
img_016056,cell_G
img_000641,cell_A
img_013477,cell_C
img_009596,cell_B
img_005073,cell_F
img_014783,cell_F
img_013206,cell_H
img_014522,cell_B
img_010485,cell_C
img_014655,cell_C
img_014736,cell_G
img_000624,cell_C
img_009727,cell_B
img_007145,cell_B
img_008852,cell_B
img_009518,cell_C
img_014402,cell_B
img_002728,cell_E
img_000023,cell_C
img_009355,cell_C
img_005452,cell_A
img_006078,cell_A
img_004132,cell_D
img_005633,cell_D
img_011636,cell_B
img_014354,cell_H
img_013908,cell_C
img_003196,cell_C
img_013512,cell_G
img_010426,cell_C
img_001250,cell_E
img_002445,cell_A
img_003381,cell_F
img_004256,cell_A
img_006503,cell_A
img_004553,cell_D
img_014690,cell_C
img_016500,cell_C
img_007450,cell_B
img_010751,cell_G
img_008413,cell_H
img_012365,cell_A
img_014763,cell_C
img_001187,cell_B
img_012551,cell_B
img_012673,cell_H
img_014781,cell_F
img_015030,cell_H
img_016884,cell_C
img_009813,cell_C
img_012165,cell_D
img_008300,cell_A
img_009172,cell_B
img_000161,cell_H
img_014567,cell_F
img_002993,cell_C
img_001325,cell_A
img_015722,cell_C
img_001172,cell_B
img_012255,cell_B
img_010173,cell_B
img_006575,cell_C
img_014311,cell_D
img_001039,cell_G
img_011851,cell_C
img_002567,cell_F
img_016461,cell_C
img_014735,cell_E
img_014574,cell_C
img_007159,cell_E
img_013892,cell_C
img_000293,cell_C
img_014669,cell_F
img_010524,cell_H
img_008294,cell_H
img_005730,cell_B
img_006377,cell_C
img_016256,cell_H
img_011335,cell_A
img_004079,cell_G
img_007546,cell_A
img_006163,cell_H
img_008555,cell_E
img_010488,cell_B
img_000196,cell_H
img_004057,cell_C
img_004968,cell_B
img_013504,cell_C
img_013595,cell_A
img_010155,cell_D
img_004751,cell_F
img_012841,cell_A
img_009996,cell_F
img_001987,cell_F
img_001734,cell_F
img_013409,cell_B
img_013906,cell_F
img_008542,cell_C
img_011387,cell_B
img_005949,cell_C
img_006467,cell_B
img_014898,cell_F
img_003250,cell_F
img_007540,cell_E
img_012836,cell_A
img_015220,cell_F
img_009036,cell_F
img_002133,cell_D
img_012300,cell_B
img_008069,cell_E
img_008647,cell_A
img_011485,cell_D
img_009134,cell_B
img_000576,cell_B
img_008540,cell_B
img_015910,cell_E
img_007747,cell_C
img_000824,cell_H
img_014177,cell_B
img_006487,cell_B
img_006817,cell_G
img_002874,cell_A
img_002429,cell_E
img_013023,cell_D
img_006324,cell_H
img_014269,cell_G
img_011717,cell_D
img_005565,cell_C
img_016391,cell_B
img_008462,cell_E
img_007881,cell_F
img_010200,cell_C
img_010712,cell_C
img_002966,cell_G
img_002001,cell_F
img_012770,cell_D
img_006905,cell_H
img_008574,cell_B
img_016257,cell_E
img_011825,cell_E
img_004664,cell_C
img_006485,cell_B
img_007337,cell_B
img_006403,cell_B
img_007674,cell_D
img_015314,cell_A
img_005124,cell_B
img_010808,cell_G
img_010248,cell_C
img_011564,cell_C
img_014114,cell_D
img_016291,cell_E
img_005014,cell_C
img_008763,cell_B
img_011845,cell_B
img_014622,cell_C
img_014093,cell_C
img_011069,cell_C
img_002221,cell_E
img_010848,cell_A
img_000479,cell_F
img_001278,cell_H
img_011367,cell_F
img_001981,cell_A
img_003838,cell_F
img_014304,cell_C
img_010317,cell_H
img_000857,cell_H
img_012896,cell_A
img_005449,cell_H
img_009642,cell_D
img_003180,cell_D
img_003343,cell_H
img_002469,cell_B
img_007216,cell_F
img_014649,cell_F
img_009886,cell_C
img_012119,cell_F
img_009961,cell_F
img_004816,cell_E
img_008708,cell_E
img_015986,cell_C
img_014173,cell_A
img_016162,cell_B
img_009775,cell_D
img_007740,cell_F
img_001740,cell_A
img_005658,cell_B
img_004996,cell_B
img_008897,cell_F
img_010553,cell_G
img_015376,cell_B
img_015693,cell_D
img_004959,cell_F
img_009153,cell_G
img_000488,cell_E
img_012891,cell_A
img_008584,cell_A
img_009937,cell_G
img_003055,cell_C
img_008701,cell_C
img_013838,cell_B
img_005768,cell_D
img_011109,cell_F
img_015340,cell_D
img_015866,cell_G
img_008907,cell_E
img_015821,cell_B
img_016245,cell_F
img_003887,cell_B
img_003039,cell_A
img_003528,cell_E
img_000104,cell_D
img_015987,cell_D
img_001471,cell_F
img_000890,cell_H
img_014183,cell_G
img_001940,cell_F
img_004013,cell_G
img_011094,cell_D
img_011511,cell_A
img_008565,cell_D
img_004986,cell_B
img_015735,cell_F
img_003670,cell_B
img_004172,cell_B
img_003515,cell_C
img_016747,cell_B
img_004416,cell_E
img_004561,cell_B
img_007817,cell_A
img_012806,cell_D
img_008479,cell_A
img_004804,cell_D
img_012185,cell_A
img_013590,cell_C
img_003920,cell_D
img_016883,cell_A
img_003099,cell_C
img_011429,cell_G
img_006695,cell_F
img_013904,cell_G
img_010132,cell_B
img_000618,cell_B
img_002926,cell_B
img_005326,cell_H
img_004322,cell_C
img_012920,cell_A
img_004599,cell_B
img_000694,cell_H
img_008257,cell_C
img_008144,cell_A
img_014470,cell_H
img_002889,cell_C
img_002116,cell_C
img_004669,cell_G
img_009084,cell_D
img_013705,cell_C
img_012356,cell_E
img_016722,cell_G
img_004570,cell_D
img_007779,cell_F
img_000235,cell_F
img_007955,cell_F
img_010759,cell_C
img_011677,cell_A
img_000834,cell_A
img_005388,cell_C
img_008365,cell_C
img_005865,cell_A
img_008234,cell_F
img_014921,cell_B
img_006911,cell_F
img_011078,cell_C
img_003189,cell_G
img_003990,cell_B
img_000908,cell_A
img_005729,cell_B
img_009496,cell_C
img_004271,cell_A
img_005760,cell_H
img_010073,cell_A
img_006834,cell_E
img_004251,cell_C
img_000236,cell_F
img_003634,cell_A
img_014490,cell_C
img_012915,cell_B
img_002572,cell_C
img_000182,cell_C
img_011098,cell_C
img_010389,cell_H
img_011271,cell_B
img_007598,cell_D
img_013170,cell_E
img_004247,cell_C
img_000530,cell_F
img_005695,cell_C
img_004301,cell_B
img_013279,cell_B
img_011505,cell_B
img_012674,cell_C
img_014793,cell_F
img_007631,cell_C
img_001594,cell_C
img_012017,cell_E
img_009592,cell_F
img_007738,cell_D
img_002656,cell_F
img_013041,cell_C
img_005037,cell_F
img_008481,cell_A
img_005174,cell_B
img_011247,cell_D
img_001701,cell_B
img_012372,cell_C
img_000382,cell_B
img_004695,cell_G
img_012696,cell_H
img_008074,cell_B
img_016536,cell_F
img_015317,cell_F
img_014922,cell_D
img_008199,cell_A
img_007980,cell_C
img_000842,cell_F
img_016057,cell_C
img_000443,cell_D
img_015184,cell_B
img_011453,cell_B
img_016090,cell_A
img_005068,cell_B
img_011715,cell_F
img_008483,cell_A
img_011060,cell_F
img_001112,cell_H
img_013612,cell_A
img_009119,cell_C
img_009565,cell_D
img_009393,cell_C
img_012829,cell_F
img_013187,cell_B
img_007059,cell_F
img_011433,cell_B
img_007162,cell_B
img_006096,cell_C
img_015388,cell_E
img_003691,cell_C
img_000242,cell_F
img_012225,cell_A
img_001898,cell_C
img_004615,cell_D
img_013361,cell_A
img_011005,cell_F
img_009014,cell_F
img_012709,cell_B
img_011621,cell_B
img_011238,cell_H
img_004704,cell_F
img_014851,cell_F
img_011562,cell_H
img_016065,cell_B
img_008442,cell_G
img_005641,cell_H
img_009251,cell_C
img_010218,cell_F
img_005913,cell_G
img_009486,cell_H
img_008320,cell_F
img_016214,cell_C
img_008539,cell_F
img_014254,cell_B
img_011655,cell_E
img_001895,cell_A
img_013634,cell_A
img_016550,cell_F
img_008575,cell_H
img_015260,cell_C
img_005878,cell_A
img_013472,cell_F
img_002565,cell_G
img_001922,cell_B
img_006435,cell_C
img_012642,cell_C
img_000151,cell_E
img_009446,cell_F
img_004723,cell_B
img_016044,cell_B
img_006630,cell_B
img_010314,cell_B
img_012580,cell_E
img_001163,cell_C
img_003282,cell_E
img_005142,cell_F
img_004535,cell_E
img_010644,cell_B
img_014366,cell_B
img_009149,cell_F
img_007015,cell_D
img_004033,cell_A
img_006131,cell_B
img_014263,cell_D
img_002886,cell_D
img_007319,cell_B
img_001422,cell_B
img_015344,cell_B
img_006941,cell_A
img_013307,cell_H
img_001698,cell_H
img_005910,cell_C
img_016016,cell_B
img_010989,cell_F
img_001586,cell_D
img_008141,cell_C
img_008135,cell_A
img_000986,cell_H
img_008718,cell_H
img_009234,cell_F
img_012140,cell_C
img_009086,cell_G
img_005517,cell_A
img_015366,cell_F
img_006982,cell_D
img_016507,cell_B
img_010672,cell_D
img_001326,cell_G
img_005975,cell_F
img_005426,cell_D
img_000088,cell_H
img_006780,cell_B
img_004340,cell_B
img_011827,cell_D
img_016519,cell_A
img_008217,cell_E
img_008816,cell_B
img_006611,cell_D
img_016195,cell_C
img_015565,cell_A
img_008771,cell_C
img_008357,cell_F
img_001219,cell_F
img_010973,cell_B
img_011020,cell_C
img_006393,cell_H
img_014964,cell_B
img_012790,cell_G
img_001196,cell_G
img_015852,cell_B
img_014106,cell_F
img_004047,cell_F
img_008870,cell_B
img_014654,cell_C
img_001235,cell_F
img_016132,cell_B
img_013714,cell_C
img_011249,cell_F
img_000295,cell_G
img_008151,cell_H
img_012202,cell_A
img_015997,cell_G
img_011056,cell_D
img_016559,cell_A
img_005572,cell_B
img_003903,cell_D
img_007399,cell_A
img_008655,cell_F
img_003541,cell_F
img_013039,cell_F
img_007233,cell_C
img_003190,cell_G
img_013323,cell_F
img_014129,cell_D
img_015414,cell_C
img_013866,cell_E
img_009555,cell_B
img_008227,cell_C
img_013269,cell_B
img_013990,cell_F
img_013660,cell_F
img_008734,cell_B
img_011138,cell_D
img_002513,cell_C
img_010362,cell_A
img_015072,cell_F
img_006626,cell_B
img_004894,cell_G
img_008089,cell_B
img_000385,cell_F
img_001487,cell_C
img_006247,cell_F
img_012338,cell_H
img_006390,cell_A
img_014317,cell_A
img_003483,cell_F
img_000086,cell_C
img_011034,cell_F
img_008441,cell_H
img_014390,cell_D
img_008188,cell_B
img_004949,cell_E
img_002634,cell_B
img_003767,cell_F
img_004500,cell_A
img_006355,cell_B
img_000703,cell_B
img_003740,cell_F
img_015392,cell_C
img_002197,cell_B
img_012137,cell_F
img_013589,cell_F
img_007405,cell_A
img_013825,cell_H
img_006685,cell_C
img_001322,cell_E
img_007239,cell_C
img_015786,cell_C
img_014267,cell_H
img_011885,cell_F
img_005825,cell_H
img_000868,cell_F
img_006809,cell_B
img_013382,cell_B
img_006871,cell_F
img_009165,cell_F
img_001566,cell_E
img_016572,cell_C
img_001500,cell_B
img_010227,cell_B
img_016248,cell_H
img_016110,cell_H
img_000095,cell_F
img_013719,cell_A
img_016499,cell_F
img_015207,cell_F
img_002505,cell_C
img_008414,cell_H
img_000035,cell_C
img_016920,cell_A
img_006016,cell_H
img_004233,cell_C
img_001599,cell_F
img_005737,cell_G
img_011880,cell_D
img_010443,cell_A
img_004028,cell_E
img_003641,cell_B
img_009973,cell_G
img_004850,cell_B
img_005172,cell_B
img_009932,cell_B
img_005046,cell_F
img_007927,cell_E
img_016844,cell_B
img_015534,cell_B
img_002420,cell_C
img_005618,cell_C
img_015302,cell_B
img_006894,cell_B
img_006416,cell_G
img_000606,cell_C
img_011401,cell_H
img_002573,cell_F
img_010996,cell_D
img_011817,cell_D
img_014966,cell_C
img_000310,cell_F
img_009989,cell_F
img_016733,cell_F
img_007907,cell_B
img_013009,cell_C
img_015114,cell_D
img_000869,cell_B
img_009512,cell_C
img_016712,cell_A
img_011767,cell_H
img_005945,cell_C
img_006986,cell_B
img_003571,cell_F
img_000814,cell_B
img_000590,cell_F
img_007495,cell_F
img_016762,cell_C
img_015182,cell_D
img_016014,cell_F
img_000597,cell_B
img_013782,cell_G
img_002158,cell_A
img_000074,cell_C
img_011062,cell_G
img_016502,cell_E
img_007850,cell_H
img_011211,cell_F
img_013378,cell_E
img_015313,cell_C
img_013755,cell_A
img_010489,cell_G
img_001240,cell_C
img_013110,cell_B
img_013724,cell_A
img_001279,cell_B
img_009249,cell_B
img_013849,cell_F
img_006384,cell_C
img_014228,cell_A
img_006584,cell_A
img_004491,cell_C
img_006228,cell_G
img_000036,cell_A
img_003519,cell_B
img_001026,cell_F
img_004012,cell_B
img_011013,cell_D
img_014591,cell_F
img_014241,cell_B
img_004885,cell_F
img_006539,cell_A
img_014095,cell_D
img_003839,cell_A
img_004897,cell_C
img_003200,cell_C
img_013298,cell_B
img_007595,cell_G
img_010272,cell_A
img_003632,cell_B
img_002778,cell_G
img_002017,cell_D
img_005924,cell_B
img_008031,cell_H
img_012490,cell_B
img_009570,cell_A
img_005882,cell_A
img_011132,cell_H
img_007667,cell_A
img_000012,cell_D
img_015456,cell_D
img_010829,cell_H
img_007379,cell_A
img_009907,cell_A
img_005929,cell_G
img_012907,cell_D
img_004428,cell_H
img_003348,cell_C
img_013006,cell_E
img_005329,cell_E
img_002578,cell_B
img_007422,cell_F
img_014571,cell_F
img_007462,cell_C
img_000377,cell_F
img_004890,cell_C
img_014518,cell_H
img_004731,cell_C
img_012715,cell_C
img_009470,cell_E
img_003639,cell_F
img_014359,cell_B
img_000125,cell_C
img_002174,cell_C
img_010598,cell_C
img_008283,cell_F
img_004203,cell_B
img_001926,cell_B
img_007486,cell_D
img_016234,cell_H
img_006568,cell_E
img_009138,cell_E
img_007783,cell_A
img_011266,cell_B
img_007533,cell_B
img_011054,cell_H
img_015959,cell_C
img_010715,cell_H
img_008876,cell_H
img_005645,cell_F
img_000365,cell_E
img_012800,cell_D
img_009459,cell_C
img_000607,cell_C
img_005266,cell_C
img_000165,cell_F
img_013217,cell_C
img_006307,cell_B
img_016520,cell_A
img_014984,cell_E
img_012830,cell_D
img_000480,cell_A
img_011428,cell_C
img_005306,cell_F
img_013959,cell_A
img_005763,cell_F
img_015662,cell_G
img_012528,cell_B
img_012398,cell_F
img_002885,cell_F
img_013834,cell_B
img_001547,cell_C
img_005526,cell_B
img_010219,cell_C
img_014822,cell_C
img_014544,cell_H
img_005710,cell_C
img_001445,cell_E
img_003037,cell_E
img_000847,cell_F
img_012409,cell_B
img_011172,cell_C
img_013461,cell_C
img_010966,cell_B
img_008447,cell_G
img_011470,cell_E
img_005233,cell_C
img_010255,cell_H
img_006722,cell_F
img_016258,cell_F
img_003349,cell_B
img_010755,cell_G
img_001177,cell_C
img_016533,cell_B
img_007722,cell_G
img_001179,cell_H
img_012523,cell_F
img_011862,cell_E
img_010537,cell_F
img_004217,cell_B
img_016196,cell_H
img_012360,cell_C
img_007298,cell_H
img_010791,cell_C
img_007780,cell_B
img_015029,cell_C
img_008109,cell_C
img_005672,cell_B
img_003572,cell_B
img_004363,cell_B
img_009205,cell_F
img_003205,cell_F
img_007024,cell_F
img_010312,cell_C
img_000770,cell_E
img_001712,cell_A
img_013363,cell_B
img_012703,cell_F
img_004170,cell_F
img_002523,cell_D
img_004883,cell_A
img_009272,cell_F
img_009801,cell_G
img_012430,cell_B
img_003782,cell_C
img_016283,cell_C
img_005911,cell_D
img_008878,cell_A
img_012776,cell_A
img_015324,cell_F
img_013309,cell_C
img_001217,cell_G
img_000155,cell_C
img_004581,cell_B
img_012442,cell_C
img_001943,cell_B
img_012399,cell_C
img_015976,cell_A
img_003540,cell_C
img_008959,cell_C
img_005262,cell_B
img_010512,cell_C
img_016928,cell_D
img_011921,cell_B
img_004747,cell_B
img_001759,cell_C
img_002916,cell_E
img_005406,cell_C
img_010038,cell_H
img_002579,cell_B
img_015480,cell_G
img_008537,cell_A
img_001801,cell_D
img_002832,cell_F
img_011058,cell_F
img_008229,cell_D
img_002142,cell_A
img_007014,cell_B
img_001652,cell_D
img_002269,cell_F
img_000002,cell_D
img_008538,cell_D
img_008115,cell_D
img_003672,cell_H
img_015373,cell_A
img_014651,cell_B
img_010961,cell_H
img_000823,cell_H
img_005307,cell_F
img_013470,cell_A
img_010968,cell_B
img_013897,cell_C
img_013765,cell_E
img_002484,cell_D
img_003624,cell_F
img_008139,cell_D
img_005614,cell_C
img_006100,cell_C
img_003441,cell_D
img_007967,cell_H
img_001610,cell_F
img_009259,cell_C
img_011008,cell_B
img_016284,cell_F
img_011917,cell_E
img_008127,cell_B
img_010905,cell_D
img_004304,cell_C
img_013778,cell_D
img_013186,cell_C
img_003322,cell_F
img_015747,cell_F
img_016708,cell_D
img_012758,cell_E
img_007666,cell_B
img_011368,cell_G
img_005978,cell_A
img_013598,cell_C
img_009609,cell_B
img_013957,cell_D
img_012271,cell_D
img_001483,cell_D
img_012150,cell_E
img_007205,cell_D
img_010681,cell_B
img_007153,cell_C
img_006215,cell_F
img_015850,cell_B
img_008448,cell_G
img_004446,cell_F
img_014667,cell_C
img_013280,cell_F
img_003120,cell_H
img_003026,cell_B
img_010483,cell_D
img_005377,cell_A
img_015665,cell_F
img_005923,cell_A
img_014694,cell_H
img_000258,cell_C
img_007349,cell_C
img_006676,cell_G
img_003629,cell_C
img_014688,cell_H
img_006719,cell_D
img_014537,cell_F
img_005192,cell_A
img_015626,cell_B
img_013027,cell_B
img_002234,cell_D
img_003657,cell_C
img_003704,cell_C
img_008970,cell_C
img_000339,cell_A
img_014130,cell_D
img_013790,cell_D
img_011978,cell_C
img_002928,cell_G
img_003802,cell_D
img_009279,cell_F
img_014330,cell_C
img_013115,cell_F
img_012422,cell_C
img_005104,cell_A
img_002481,cell_A
img_012961,cell_E
img_003809,cell_C
img_013313,cell_F
img_003729,cell_A
img_008052,cell_H
img_006716,cell_B
img_005756,cell_A
img_010332,cell_B
img_008232,cell_F
img_013251,cell_F
img_003395,cell_A
img_015021,cell_B
img_001673,cell_B
img_005148,cell_G
img_014942,cell_F
img_011590,cell_E
img_006910,cell_B
img_001074,cell_G
img_008604,cell_H
img_000566,cell_A
img_003209,cell_B
img_005836,cell_G
img_006386,cell_A
img_010234,cell_H
img_010435,cell_A
img_008827,cell_E
img_016101,cell_F
img_008460,cell_B
img_013304,cell_C
img_010407,cell_F
img_008112,cell_B
img_010540,cell_C
img_016714,cell_C
img_001938,cell_D
img_014546,cell_D
img_000503,cell_C
img_004002,cell_B
img_008914,cell_C
img_009497,cell_D
img_002774,cell_B
img_007959,cell_F
img_001823,cell_F
img_000132,cell_E
img_003756,cell_C
img_015734,cell_A
img_008187,cell_B
img_012237,cell_H
img_008077,cell_C
img_015287,cell_C
img_002519,cell_A
img_007760,cell_A
img_011395,cell_A
img_016122,cell_G
img_006398,cell_B
img_007716,cell_F
img_004005,cell_C
img_007196,cell_B
img_000069,cell_B
img_009102,cell_H
img_015368,cell_F
img_006120,cell_C
img_001131,cell_G
img_013087,cell_F
img_003334,cell_B
img_000521,cell_A
img_008601,cell_C
img_011663,cell_C
img_008191,cell_A
img_007022,cell_A
img_008517,cell_C
img_006418,cell_A
img_001147,cell_H
img_014577,cell_G
img_006866,cell_B
img_006605,cell_B
img_015352,cell_A
img_003114,cell_F
img_014465,cell_F
img_011218,cell_G
img_011907,cell_F
img_012793,cell_B
img_014681,cell_G
img_001591,cell_F
img_010668,cell_F
img_001592,cell_C
img_007442,cell_F
img_012873,cell_D
img_015687,cell_A
img_000599,cell_A
img_010899,cell_B
img_002431,cell_F
img_004508,cell_C
img_017028,cell_C
img_015690,cell_F
img_015964,cell_A
img_002970,cell_B
img_006224,cell_B
img_001728,cell_G
img_005359,cell_H
img_008124,cell_B
img_008881,cell_C
img_008863,cell_A
img_014589,cell_E
img_005794,cell_G
img_014430,cell_H
img_014991,cell_A
img_006099,cell_G
img_013632,cell_A
img_003007,cell_A
img_011866,cell_B
img_003078,cell_C
img_004475,cell_C
img_006014,cell_F
img_000157,cell_B
img_007672,cell_F
img_004422,cell_F
img_003674,cell_G
img_014279,cell_E
img_001997,cell_B
img_012810,cell_E
img_011175,cell_B
img_014829,cell_C
img_006533,cell_A
img_009053,cell_C
img_001141,cell_B
img_011519,cell_C
img_012900,cell_F
img_001362,cell_A
img_000822,cell_D
img_008820,cell_B
img_006256,cell_B
img_016947,cell_H
img_009882,cell_H
img_010938,cell_E
img_005803,cell_A
img_008207,cell_C
img_007241,cell_B
img_013258,cell_F
img_005922,cell_B
img_009438,cell_A
img_015970,cell_A
img_014225,cell_B
img_011949,cell_C
img_002746,cell_H
img_000658,cell_D
img_012005,cell_A
img_015069,cell_F
img_008356,cell_F
img_012353,cell_E
img_016031,cell_A
img_009445,cell_H
img_001078,cell_F
img_011771,cell_C
img_001485,cell_D
img_013562,cell_A
img_015739,cell_E
img_014322,cell_B
img_011027,cell_F
img_010355,cell_G
img_009001,cell_C
img_008760,cell_H
img_013727,cell_F
img_015708,cell_D
img_003088,cell_F
img_004623,cell_G
img_014747,cell_H
img_010577,cell_B
img_004517,cell_G
img_005809,cell_D
img_008627,cell_E
img_009574,cell_C
img_010835,cell_B
img_006502,cell_D
img_000491,cell_F
img_014892,cell_E
img_006291,cell_C
img_015844,cell_A
img_010962,cell_C
img_016965,cell_F
img_009778,cell_H
img_011307,cell_A
img_016763,cell_E
img_007165,cell_B
img_001388,cell_D
img_010055,cell_B
img_010437,cell_B
img_012838,cell_B
img_011697,cell_D
img_009746,cell_B
img_002268,cell_C
img_001678,cell_A
img_007813,cell_A
img_012496,cell_C
img_010384,cell_H
img_001799,cell_H
img_013510,cell_A
img_002264,cell_F
img_001346,cell_A
img_008113,cell_C
img_013753,cell_G
img_015017,cell_A
img_003747,cell_A
img_005511,cell_B
img_006680,cell_C
img_005241,cell_G
img_003981,cell_C
img_001896,cell_B
img_009612,cell_D
img_003419,cell_C
img_011803,cell_C
img_008975,cell_C
img_005917,cell_A
img_008437,cell_G
img_005972,cell_F
img_006596,cell_B
img_006601,cell_A
img_006184,cell_D
img_016028,cell_H
img_016392,cell_G
img_014009,cell_C
img_014911,cell_B
img_007569,cell_B
img_016375,cell_B
img_012450,cell_B
img_008507,cell_D
img_013202,cell_B
img_007445,cell_C
img_008929,cell_C
img_006794,cell_D
img_005249,cell_E
img_008400,cell_F
img_006204,cell_A
img_015825,cell_C
img_012527,cell_E
img_015461,cell_E
img_014514,cell_C
img_014360,cell_B
img_013955,cell_D
img_011457,cell_E
img_010375,cell_C
img_007708,cell_F
img_008583,cell_A
img_001834,cell_D
img_003182,cell_D
img_014346,cell_H
img_013253,cell_C
img_000913,cell_G
img_013383,cell_A
img_016917,cell_C
img_002835,cell_A
img_004591,cell_C
img_002960,cell_E
img_016314,cell_C
img_014936,cell_C
img_001084,cell_F
img_002618,cell_B
img_005793,cell_D
img_007596,cell_G
img_012938,cell_H
img_012917,cell_C
img_016573,cell_B
img_004938,cell_B
img_007426,cell_A
img_001913,cell_A
img_016046,cell_C
img_006020,cell_B
img_011203,cell_F
img_010130,cell_D
img_010206,cell_H
img_000230,cell_F
img_000570,cell_F
img_007127,cell_C
img_011108,cell_A
img_000828,cell_E
img_012741,cell_E
img_012186,cell_B
img_001694,cell_A
img_010858,cell_H
img_002797,cell_E
img_012085,cell_H
img_004523,cell_F
img_001263,cell_F
img_003219,cell_B
img_000327,cell_H
img_011935,cell_B
img_003511,cell_G
img_013560,cell_C
img_008858,cell_E
img_013438,cell_F
img_002729,cell_F
img_009723,cell_E
img_013686,cell_G
img_008580,cell_G
img_006691,cell_C
img_008096,cell_F
img_008768,cell_B
img_013089,cell_F
img_002867,cell_A
img_009467,cell_F
img_005973,cell_F
img_001883,cell_B
img_005879,cell_A
img_007984,cell_G
img_009938,cell_H
img_006921,cell_D
img_014748,cell_A
img_009661,cell_A
img_009434,cell_C
img_000853,cell_A
img_003857,cell_D
img_012573,cell_A
img_008336,cell_H
img_006607,cell_C
img_008418,cell_G
img_006917,cell_E
img_002341,cell_C
img_007524,cell_A
img_012373,cell_A
img_013314,cell_H
img_015744,cell_D
img_011802,cell_F
img_004522,cell_F
img_008958,cell_C
img_009789,cell_A
img_000774,cell_C
img_016451,cell_F
img_015086,cell_D
img_006486,cell_F
img_003300,cell_D
img_010797,cell_B
img_012643,cell_C
img_010616,cell_E
img_006073,cell_C
img_010146,cell_B
img_014353,cell_B
img_002607,cell_C
img_010254,cell_E
img_013339,cell_C
img_014286,cell_F
img_014595,cell_D
img_013631,cell_G
img_015531,cell_F
img_015407,cell_A
img_009883,cell_B
img_008797,cell_C
img_014766,cell_A
img_012930,cell_F
img_006299,cell_H
img_016999,cell_B
img_008137,cell_H
img_008703,cell_H
img_001626,cell_B
img_006759,cell_B
img_008110,cell_F
img_002436,cell_C
img_003430,cell_F
img_014105,cell_H
img_016606,cell_G
img_016886,cell_E
img_007115,cell_H
img_005074,cell_D
img_002344,cell_F
img_012984,cell_B
img_004487,cell_C
img_012973,cell_C
img_004311,cell_C
img_016584,cell_F
img_015250,cell_E
img_006876,cell_E
img_006609,cell_C
img_007143,cell_C
img_016102,cell_B
img_011585,cell_H
img_002479,cell_A
img_012804,cell_F
img_010646,cell_C
img_005034,cell_D
img_009447,cell_E
img_011281,cell_B
img_001937,cell_D
img_003881,cell_F
img_012006,cell_B
img_001579,cell_A
img_012062,cell_A
img_010859,cell_H
img_005199,cell_G
img_001711,cell_A
img_016075,cell_B
img_013677,cell_F
img_002736,cell_E
img_007310,cell_H
img_013212,cell_A
img_007639,cell_C
img_014548,cell_F
img_002328,cell_B
img_015465,cell_G
img_010888,cell_B
img_004188,cell_C
img_008869,cell_A
img_001105,cell_A
img_004552,cell_A
img_010326,cell_C
img_005086,cell_H
img_002647,cell_C
img_014915,cell_B
img_004749,cell_B
img_015518,cell_G
img_009754,cell_B
img_012545,cell_H
img_005734,cell_D
img_011003,cell_G
img_015247,cell_A
img_015677,cell_A
img_014929,cell_B
img_010778,cell_C
img_013539,cell_E
img_013084,cell_B
img_008615,cell_H
img_016482,cell_G
img_011973,cell_C
img_004130,cell_B
img_002324,cell_B
img_007132,cell_G
img_000699,cell_C
img_015958,cell_G
img_011204,cell_D
img_007797,cell_F
img_000127,cell_A
img_006045,cell_F
img_016368,cell_B
img_004018,cell_C
img_007427,cell_G
img_005682,cell_C
img_015633,cell_G
img_003508,cell_F
img_002955,cell_C
img_004009,cell_F
img_002195,cell_C
img_000429,cell_C
img_010281,cell_C
img_010925,cell_C
img_005380,cell_G
img_003813,cell_D
img_004044,cell_F
img_013385,cell_A
img_006557,cell_A
img_001262,cell_G
img_011413,cell_D
img_011701,cell_C
img_007904,cell_F
img_005868,cell_D
img_008190,cell_B
img_008926,cell_C
img_016344,cell_E
img_003465,cell_C
img_010118,cell_H
img_006742,cell_H
img_006750,cell_A
img_013075,cell_G
img_012093,cell_C
img_007259,cell_C
img_011484,cell_H
img_011284,cell_A
img_016084,cell_F
img_011229,cell_B
img_000118,cell_A
img_011698,cell_C
img_007794,cell_B
img_005007,cell_A
img_013653,cell_A
img_007508,cell_G
img_008415,cell_E
img_013104,cell_C
img_006444,cell_C
img_000709,cell_F
img_000168,cell_B
img_015495,cell_F
img_009782,cell_E
img_003103,cell_A
img_008340,cell_G
img_010090,cell_A
img_008140,cell_F
img_003201,cell_F
img_000284,cell_A
img_003293,cell_B
img_014920,cell_C
img_005465,cell_D
img_000872,cell_D
img_000752,cell_E
img_011223,cell_A
img_004305,cell_C
img_006810,cell_E
img_004626,cell_C
img_003358,cell_F
img_015998,cell_C
img_008378,cell_D
img_000303,cell_H
img_007194,cell_F
img_008491,cell_E
img_009489,cell_C
img_004279,cell_F
img_015476,cell_A
img_015933,cell_E
img_008953,cell_D
img_001255,cell_F
img_008783,cell_E
img_015871,cell_F
img_013864,cell_C
img_004965,cell_H
img_001767,cell_H
img_014531,cell_B
img_014132,cell_B
img_014692,cell_E
img_006411,cell_F
img_003985,cell_H
img_012327,cell_A
img_003564,cell_F
img_003283,cell_F
img_005127,cell_A
img_008012,cell_B
img_012594,cell_B
img_002617,cell_B
img_014675,cell_B
img_003011,cell_C
img_015199,cell_F
img_010746,cell_E
img_007553,cell_C
img_010990,cell_B
img_001337,cell_F
img_009630,cell_F
img_016868,cell_B
img_007953,cell_F
img_003166,cell_F
img_002603,cell_E
img_009619,cell_F
img_015365,cell_C
img_009877,cell_F
img_014414,cell_C
img_000846,cell_H
img_002119,cell_B
img_012099,cell_F
img_006195,cell_F
img_008674,cell_F
img_006773,cell_B
img_007318,cell_C
img_009876,cell_D
img_002892,cell_C
img_013582,cell_D
img_015944,cell_F
img_005477,cell_C
img_016618,cell_B
img_011646,cell_A
img_005616,cell_A
img_014449,cell_F
img_011563,cell_D
img_002707,cell_F
img_009115,cell_D
img_004608,cell_A
img_015323,cell_H
img_014901,cell_B
img_010508,cell_H
img_010689,cell_A
img_002161,cell_B
img_011846,cell_F
img_009796,cell_D
img_014525,cell_B
img_012173,cell_A
img_011534,cell_E
img_014133,cell_A
img_000356,cell_E
img_012774,cell_C
img_007860,cell_E
img_015258,cell_F
img_010662,cell_A
img_005052,cell_G
img_011528,cell_F
img_015436,cell_B
img_011336,cell_C
img_014278,cell_A
img_007202,cell_C
img_015196,cell_G
img_004532,cell_B
img_002040,cell_B
img_012163,cell_F
img_013096,cell_A
img_014369,cell_E
img_003837,cell_E
img_006101,cell_B
img_001588,cell_A
img_002776,cell_G
img_007377,cell_E
img_011178,cell_B
img_012921,cell_F
img_015800,cell_B
img_017041,cell_F
img_002632,cell_E
img_014583,cell_A
img_000134,cell_D
img_001188,cell_H
img_011083,cell_C
img_010180,cell_B
img_008785,cell_H
img_013867,cell_B
img_011489,cell_C
img_013220,cell_C
img_011664,cell_B
img_014639,cell_D
img_000267,cell_C
img_013109,cell_D
img_007825,cell_C
img_003136,cell_E
img_004895,cell_F
img_011712,cell_C
img_009515,cell_H
img_015071,cell_C
img_006023,cell_B
img_009707,cell_F
img_013046,cell_C
img_010300,cell_A
img_012410,cell_B
img_006960,cell_H
img_001340,cell_B
img_007764,cell_C
img_014519,cell_B
img_014715,cell_A
img_012886,cell_B
img_012294,cell_A
img_016212,cell_F
img_005587,cell_D
img_006161,cell_D
img_015586,cell_F
img_011806,cell_C
img_016322,cell_B
img_001657,cell_B
img_000149,cell_F
img_006778,cell_B
img_003563,cell_H
img_009790,cell_A
img_003848,cell_B
img_001814,cell_C
img_001465,cell_F
img_013651,cell_H
img_005393,cell_G
img_011576,cell_B
img_007101,cell_C
img_012572,cell_D
img_013572,cell_E
img_015037,cell_A
img_007302,cell_H
img_000111,cell_C
img_001239,cell_E
img_000808,cell_A
img_009765,cell_C
img_016042,cell_C
img_016400,cell_E
img_008249,cell_C
img_002646,cell_A
img_007396,cell_F
img_011788,cell_B
img_001932,cell_C
img_000918,cell_F
img_013670,cell_B
img_002615,cell_F
img_009091,cell_G
img_012975,cell_F
img_014248,cell_E
img_000972,cell_H
img_012704,cell_H
img_015402,cell_F
img_005785,cell_B
img_015181,cell_G
img_016820,cell_B
img_003050,cell_C
img_009998,cell_C
img_009618,cell_H
img_011391,cell_D
img_012160,cell_A
img_001605,cell_E
img_004472,cell_B
img_013451,cell_A
img_007744,cell_A
img_005647,cell_D
img_000212,cell_B
img_004205,cell_C
img_010713,cell_A
img_005363,cell_F
img_006231,cell_C
img_007946,cell_C
img_010638,cell_C
img_000680,cell_F
img_005208,cell_C
img_004703,cell_H
img_012325,cell_C
img_011645,cell_C
img_008854,cell_H
img_012198,cell_F
img_007920,cell_B
img_013391,cell_F
img_014695,cell_A
img_012769,cell_F
img_014701,cell_H
img_015613,cell_G
img_010704,cell_G
img_005761,cell_A
img_005239,cell_C
img_005279,cell_E
img_014989,cell_B
img_013194,cell_A
img_000410,cell_D
img_012310,cell_B
img_012767,cell_B
img_009132,cell_A
img_002458,cell_F
img_003974,cell_B
img_001976,cell_D
img_003688,cell_C
img_008921,cell_G
img_010067,cell_F
img_009192,cell_F
img_010370,cell_A
img_008241,cell_C
img_011773,cell_F
img_003600,cell_F
img_014413,cell_H
img_008256,cell_B
img_011813,cell_B
img_006421,cell_H
img_010879,cell_D
img_012734,cell_C
img_013469,cell_C
img_010157,cell_C
img_000800,cell_H
img_016749,cell_F
img_015413,cell_B
img_001780,cell_F
img_005962,cell_B
img_012086,cell_C
img_010520,cell_B
img_003142,cell_F
img_013371,cell_D
img_015090,cell_G
img_010427,cell_A
img_014642,cell_A
img_007507,cell_C
img_003847,cell_C
img_009426,cell_B
img_002709,cell_G
img_000583,cell_A
img_003270,cell_B
img_007625,cell_F
img_014318,cell_B
img_010420,cell_C
img_000772,cell_F
img_002199,cell_A
img_003216,cell_A
img_011504,cell_C
img_008330,cell_C
img_015760,cell_F
img_004417,cell_B
img_008464,cell_A
img_003845,cell_D
img_013672,cell_H
img_003244,cell_H
img_006313,cell_G
img_004796,cell_H
img_014212,cell_H
img_012723,cell_F
img_010775,cell_C
img_002076,cell_B
img_004157,cell_B
img_009870,cell_C
img_008117,cell_C
img_012512,cell_E
img_000394,cell_F
img_006052,cell_D
img_007433,cell_F
img_014166,cell_A
img_003106,cell_C
img_012245,cell_A
img_003499,cell_D
img_005398,cell_A
img_009314,cell_B
img_009501,cell_B
img_001848,cell_F
img_009650,cell_G
img_009728,cell_A
img_007995,cell_A
img_010242,cell_G
img_010931,cell_B
img_013310,cell_C
img_000133,cell_B
img_000660,cell_B
img_007345,cell_C
img_006678,cell_G
img_015459,cell_B
img_006035,cell_G
img_014020,cell_G
img_005568,cell_C
img_014601,cell_A
img_011737,cell_A
img_004520,cell_A
img_013144,cell_A
img_003274,cell_F
img_008593,cell_D
img_000211,cell_F
img_014800,cell_D
img_010008,cell_C
img_006969,cell_C
img_007925,cell_F
img_001474,cell_A
img_009180,cell_F
img_012298,cell_H
img_003301,cell_H
img_006249,cell_B
img_006425,cell_C
img_012716,cell_D
img_016933,cell_B
img_001446,cell_G
img_013839,cell_A
img_013067,cell_F
img_016556,cell_F
img_002871,cell_F
img_005175,cell_D
img_016087,cell_C
img_004182,cell_A
img_001144,cell_C
img_000379,cell_C
img_015101,cell_C
img_015625,cell_B
img_001921,cell_A
img_004595,cell_B
img_006451,cell_C
img_016015,cell_F
img_001350,cell_F
img_011362,cell_C
img_011185,cell_C
img_006973,cell_H
img_008717,cell_B
img_011616,cell_B
img_007909,cell_D
img_011790,cell_A
img_000435,cell_G
img_002343,cell_E
img_007104,cell_F
img_006863,cell_A
img_014617,cell_C
img_014305,cell_H
img_005296,cell_C
img_012562,cell_H
img_014427,cell_C
img_007440,cell_A
img_013927,cell_C
img_011382,cell_H
img_004574,cell_A
img_002023,cell_C
img_001310,cell_A
img_005727,cell_B
img_007043,cell_A
img_012393,cell_G
img_009535,cell_F
img_014999,cell_A
img_000147,cell_G
img_007753,cell_H
img_012103,cell_F
img_009981,cell_H
img_011071,cell_A
img_009797,cell_E
img_001769,cell_A
img_012569,cell_B
img_009658,cell_C
img_007112,cell_F
img_008335,cell_C
img_013543,cell_A
img_002606,cell_F
img_008675,cell_C
img_015049,cell_B
img_016541,cell_E
img_005874,cell_B
img_000547,cell_G
img_002322,cell_G
img_013650,cell_B
img_004939,cell_D
img_007622,cell_H
img_000776,cell_A
img_009751,cell_H
img_000455,cell_C
img_007879,cell_B
img_005431,cell_F
img_013665,cell_E
img_003821,cell_C
img_009531,cell_B
img_015504,cell_E
img_016289,cell_F
img_013647,cell_C
img_017039,cell_D
img_013862,cell_E
img_001244,cell_D
img_011148,cell_D
img_014865,cell_A
img_011415,cell_E
img_011883,cell_A
img_005564,cell_C
img_016364,cell_G
img_008239,cell_C
img_011317,cell_G
img_005721,cell_G
img_001145,cell_F
img_007136,cell_D
img_006797,cell_B
img_016041,cell_B
img_007385,cell_F
img_014362,cell_H
img_006232,cell_A
img_002182,cell_H
img_012275,cell_D
img_009610,cell_H
img_014606,cell_G
img_014918,cell_H
img_002931,cell_D
img_011969,cell_C
img_002386,cell_C
img_000728,cell_A
img_010351,cell_F
img_005689,cell_B
img_012849,cell_H
img_008722,cell_F
img_012395,cell_E
img_016324,cell_F
img_008374,cell_D
img_010136,cell_G
img_006628,cell_C
img_009838,cell_C
img_008659,cell_C
img_015691,cell_A
img_015309,cell_C
img_016098,cell_B
img_017053,cell_F
img_001733,cell_E
img_013106,cell_C
img_006618,cell_C
img_012070,cell_D
img_001060,cell_C
img_013354,cell_B
img_001625,cell_C
img_015596,cell_C
img_002110,cell_D
img_016802,cell_B
img_012087,cell_G
img_015995,cell_E
img_002018,cell_H
img_011762,cell_H
img_011044,cell_B
img_015028,cell_G
img_002004,cell_C
img_015082,cell_C
img_009169,cell_E
img_006671,cell_A
img_006012,cell_D
img_004678,cell_C
img_002804,cell_B
img_006970,cell_B
img_003003,cell_E
img_002965,cell_B
img_007652,cell_C
img_008709,cell_C
img_010454,cell_E
img_003900,cell_F
img_007992,cell_A
img_007070,cell_C
img_011359,cell_E
img_011009,cell_A
img_000978,cell_B
img_010107,cell_G
img_016397,cell_B
img_013025,cell_B
img_002537,cell_C
img_000718,cell_C
img_013903,cell_F
img_005099,cell_H
img_008020,cell_D
img_003932,cell_B
img_006317,cell_F
img_006088,cell_C
img_003329,cell_B
img_003615,cell_B
img_009949,cell_C
img_012657,cell_D
img_007577,cell_A
img_010733,cell_C
img_016574,cell_C
img_009288,cell_A
img_000106,cell_E
img_016361,cell_G
img_002068,cell_B
img_006508,cell_F
img_014169,cell_F
img_008210,cell_H
img_014459,cell_C
img_012884,cell_B
img_012332,cell_B
img_004078,cell_F
img_006174,cell_C
img_008845,cell_F
img_009815,cell_A
img_008996,cell_D
img_009227,cell_B
img_005470,cell_F
img_015529,cell_C
img_012145,cell_D
img_009283,cell_E
img_005035,cell_C
img_000237,cell_E
img_004432,cell_A
img_012124,cell_B
img_005226,cell_G
img_016948,cell_F
img_002853,cell_F
img_003799,cell_F
img_014853,cell_F
img_006935,cell_A
img_013733,cell_C
img_011615,cell_B
img_005893,cell_B
img_007378,cell_F
img_010475,cell_C
img_000121,cell_F
img_014845,cell_C
img_006183,cell_G
img_000605,cell_A
img_000432,cell_C
img_013901,cell_B
img_004688,cell_D
img_014754,cell_D
img_007343,cell_A
img_012502,cell_C
img_004636,cell_C
img_009975,cell_B
img_005159,cell_F
img_014214,cell_A
img_013968,cell_C
img_012898,cell_F
img_015187,cell_E
img_011329,cell_H
img_008195,cell_F
img_002028,cell_F
img_007351,cell_H
img_014556,cell_H
img_000980,cell_F
img_007105,cell_F
img_010998,cell_A
img_013921,cell_D
img_006994,cell_D
img_001819,cell_E
img_009274,cell_C
img_012506,cell_B
img_010918,cell_B
img_015896,cell_F
img_012268,cell_B
img_011282,cell_C
img_003969,cell_H
img_015440,cell_B
img_005131,cell_F
img_015916,cell_E
img_011814,cell_B
img_012851,cell_F
img_013819,cell_F
img_004971,cell_H
img_011261,cell_F
img_001944,cell_G
img_008422,cell_F
img_005362,cell_C
img_009298,cell_H
img_004268,cell_E
img_014975,cell_B
img_015922,cell_F
img_001994,cell_H
img_014397,cell_C
img_010018,cell_G
img_016273,cell_D
img_008201,cell_A
img_014842,cell_B
img_001690,cell_E
img_002380,cell_D
img_015357,cell_H
img_010223,cell_H
img_016104,cell_E
img_009074,cell_B
img_005183,cell_C
img_004494,cell_C
img_009771,cell_E
img_012457,cell_D
img_004120,cell_B
img_015320,cell_C
img_000205,cell_G
img_014505,cell_A
img_014024,cell_C
img_013597,cell_G
img_004397,cell_B
img_008884,cell_A
img_014474,cell_F
img_004590,cell_E
img_007810,cell_F
img_005114,cell_H
img_010190,cell_B
img_000826,cell_E
img_017048,cell_C
img_008939,cell_C
img_008798,cell_B
img_016537,cell_F
img_011974,cell_C
img_005739,cell_G
img_003537,cell_H
img_010719,cell_C
img_014812,cell_A
img_001315,cell_D
img_001692,cell_E
img_014347,cell_H
img_008251,cell_F
img_012977,cell_H
img_002657,cell_A
img_004699,cell_C
img_000053,cell_C
img_008948,cell_B
img_008894,cell_B
img_016191,cell_E
img_001892,cell_C
img_014264,cell_B
img_003768,cell_F
img_007784,cell_E
img_002859,cell_C
img_011723,cell_A
img_004857,cell_D
img_010947,cell_F
img_001809,cell_C
img_007220,cell_H
img_014220,cell_C
img_010530,cell_A
img_009762,cell_D
img_006530,cell_G
img_011620,cell_G
img_002514,cell_H
img_015443,cell_B
img_000894,cell_G
img_004086,cell_A
img_006636,cell_H
img_011047,cell_D
img_010827,cell_B
img_013863,cell_G
img_001348,cell_D
img_002097,cell_B
img_014857,cell_C
img_012667,cell_B
img_003156,cell_G
img_015960,cell_A
img_011603,cell_F
img_001435,cell_C
img_013491,cell_F
img_013633,cell_G
img_005071,cell_A
img_002053,cell_G
img_005908,cell_H
img_007504,cell_C
img_005519,cell_B
img_009349,cell_F
